date,home_team,away_team,home_score,away_score,difference,won_by,tournament,city,country,neutral
7/13/30,Belgium,United States,0,3,-3,away,FIFA World Cup,Montevideo,Uruguay,TRUE
7/13/30,France,Mexico,4,1,3,home,FIFA World Cup,Montevideo,Uruguay,TRUE
7/14/30,Brazil,Yugoslavia,1,2,-1,away,FIFA World Cup,Montevideo,Uruguay,TRUE
7/14/30,Peru,Romania,1,3,-2,away,FIFA World Cup,Montevideo,Uruguay,TRUE
7/15/30,Argentina,France,1,0,1,home,FIFA World Cup,Montevideo,Uruguay,TRUE
7/16/30,Chile,Mexico,3,0,3,home,FIFA World Cup,Montevideo,Uruguay,TRUE
7/17/30,Bolivia,Yugoslavia,0,4,-4,away,FIFA World Cup,Montevideo,Uruguay,TRUE
7/17/30,Paraguay,United States,0,3,-3,away,FIFA World Cup,Montevideo,Uruguay,TRUE
7/18/30,Uruguay,Peru,1,0,1,home,FIFA World Cup,Montevideo,Uruguay,FALSE
7/19/30,Argentina,Mexico,6,3,3,home,FIFA World Cup,Montevideo,Uruguay,TRUE
7/19/30,Chile,France,1,0,1,home,FIFA World Cup,Montevideo,Uruguay,TRUE
7/20/30,Belgium,Paraguay,0,1,-1,away,FIFA World Cup,Montevideo,Uruguay,TRUE
7/20/30,Bolivia,Brazil,0,4,-4,away,FIFA World Cup,Montevideo,Uruguay,TRUE
7/21/30,Uruguay,Romania,4,0,4,home,FIFA World Cup,Montevideo,Uruguay,FALSE
7/22/30,Argentina,Chile,3,1,2,home,FIFA World Cup,Montevideo,Uruguay,TRUE
7/26/30,Argentina,United States,6,1,5,home,FIFA World Cup,Montevideo,Uruguay,TRUE
7/27/30,Uruguay,Yugoslavia,6,1,5,home,FIFA World Cup,Montevideo,Uruguay,FALSE
7/30/30,Uruguay,Argentina,4,2,2,home,FIFA World Cup,Montevideo,Uruguay,FALSE
5/27/34,Argentina,Sweden,2,3,-1,away,FIFA World Cup,Bologna,Italy,TRUE
5/27/34,Austria,France,3,2,1,home,FIFA World Cup,Turin,Italy,TRUE
5/27/34,Belgium,Germany,2,5,-3,away,FIFA World Cup,Florence,Italy,TRUE
5/27/34,Brazil,Spain,1,3,-2,away,FIFA World Cup,Genoa,Italy,TRUE
5/27/34,Czechoslovakia,Romania,2,1,1,home,FIFA World Cup,Trieste,Italy,TRUE
5/27/34,Egypt,Hungary,2,4,-2,away,FIFA World Cup,Naples,Italy,TRUE
5/27/34,Italy,United States,7,1,6,home,FIFA World Cup,Rome,Italy,FALSE
5/27/34,Netherlands,Switzerland,2,3,-1,away,FIFA World Cup,Milan,Italy,TRUE
5/31/34,Austria,Hungary,2,1,1,home,FIFA World Cup,Bologna,Italy,TRUE
5/31/34,Czechoslovakia,Switzerland,3,2,1,home,FIFA World Cup,Turin,Italy,TRUE
5/31/34,Germany,Sweden,2,1,1,home,FIFA World Cup,Milan,Italy,TRUE
5/31/34,Italy,Spain,1,1,0,draw,FIFA World Cup,Florence,Italy,FALSE
6/1/34,Italy,Spain,1,0,1,home,FIFA World Cup,Florence,Italy,FALSE
6/3/34,Czechoslovakia,Germany,3,1,2,home,FIFA World Cup,Rome,Italy,TRUE
6/3/34,Italy,Austria,1,0,1,home,FIFA World Cup,Milan,Italy,FALSE
6/7/34,Austria,Germany,2,3,-1,away,FIFA World Cup,Naples,Italy,TRUE
6/10/34,Italy,Czechoslovakia,2,1,1,home,FIFA World Cup,Rome,Italy,FALSE
6/4/38,Germany,Switzerland,1,1,0,draw,FIFA World Cup,Paris,France,TRUE
6/5/38,Brazil,Poland,6,5,1,home,FIFA World Cup,Strasbourg,France,TRUE
6/5/38,Cuba,Romania,3,3,0,draw,FIFA World Cup,Toulouse,France,TRUE
6/5/38,Czechoslovakia,Netherlands,3,0,3,home,FIFA World Cup,Le Havre,France,TRUE
6/5/38,France,Belgium,3,1,2,home,FIFA World Cup,Colombes,France,FALSE
6/5/38,Hungary,Indonesia,6,0,6,home,FIFA World Cup,Reims,France,TRUE
6/5/38,Italy,Norway,2,1,1,home,FIFA World Cup,Marseille,France,TRUE
6/9/38,Cuba,Romania,2,1,1,home,FIFA World Cup,Toulouse,France,TRUE
6/9/38,Germany,Switzerland,2,4,-2,away,FIFA World Cup,Paris,France,TRUE
6/12/38,Brazil,Czechoslovakia,1,1,0,draw,FIFA World Cup,Bordeaux,France,TRUE
6/12/38,Cuba,Sweden,0,8,-8,away,FIFA World Cup,Antibes,France,TRUE
6/12/38,France,Italy,1,3,-2,away,FIFA World Cup,Colombes,France,FALSE
6/12/38,Hungary,Switzerland,2,0,2,home,FIFA World Cup,Lille,France,TRUE
6/14/38,Brazil,Czechoslovakia,2,1,1,home,FIFA World Cup,Bordeaux,France,TRUE
6/16/38,Brazil,Italy,1,2,-1,away,FIFA World Cup,Marseille,France,TRUE
6/16/38,Hungary,Sweden,5,1,4,home,FIFA World Cup,Paris,France,TRUE
6/19/38,Brazil,Sweden,4,2,2,home,FIFA World Cup,Bordeaux,France,TRUE
6/19/38,Hungary,Italy,2,4,-2,away,FIFA World Cup,Colombes,France,TRUE
6/24/50,Brazil,Mexico,4,0,4,home,FIFA World Cup,Rio de Janeiro,Brazil,FALSE
6/25/50,Chile,England,0,2,-2,away,FIFA World Cup,Rio de Janeiro,Brazil,TRUE
6/25/50,Italy,Sweden,2,3,-1,away,FIFA World Cup,São Paulo,Brazil,TRUE
6/25/50,Spain,United States,3,1,2,home,FIFA World Cup,Curitiba,Brazil,TRUE
6/25/50,Switzerland,Yugoslavia,0,3,-3,away,FIFA World Cup,Belo Horizonte,Brazil,TRUE
6/28/50,Brazil,Switzerland,2,2,0,draw,FIFA World Cup,São Paulo,Brazil,FALSE
6/28/50,Mexico,Yugoslavia,1,4,-3,away,FIFA World Cup,Porto Alegre,Brazil,TRUE
6/29/50,Chile,Spain,0,2,-2,away,FIFA World Cup,Rio de Janeiro,Brazil,TRUE
6/29/50,England,United States,0,1,-1,away,FIFA World Cup,Belo Horizonte,Brazil,TRUE
6/29/50,Paraguay,Sweden,2,2,0,draw,FIFA World Cup,Curitiba,Brazil,TRUE
7/1/50,Brazil,Yugoslavia,2,0,2,home,FIFA World Cup,Rio de Janeiro,Brazil,FALSE
7/2/50,Bolivia,Uruguay,0,8,-8,away,FIFA World Cup,Belo Horizonte,Brazil,TRUE
7/2/50,Chile,United States,5,2,3,home,FIFA World Cup,Recife,Brazil,TRUE
7/2/50,England,Spain,0,1,-1,away,FIFA World Cup,Rio de Janeiro,Brazil,TRUE
7/2/50,Italy,Paraguay,2,0,2,home,FIFA World Cup,São Paulo,Brazil,TRUE
7/2/50,Mexico,Switzerland,1,2,-1,away,FIFA World Cup,Porto Alegre,Brazil,TRUE
7/9/50,Brazil,Sweden,7,1,6,home,FIFA World Cup,Rio de Janeiro,Brazil,FALSE
7/9/50,Spain,Uruguay,2,2,0,draw,FIFA World Cup,São Paulo,Brazil,TRUE
7/13/50,Brazil,Spain,6,1,5,home,FIFA World Cup,Rio de Janeiro,Brazil,FALSE
7/13/50,Sweden,Uruguay,2,3,-1,away,FIFA World Cup,São Paulo,Brazil,TRUE
7/16/50,Brazil,Uruguay,1,2,-1,away,FIFA World Cup,Rio de Janeiro,Brazil,FALSE
7/16/50,Spain,Sweden,1,3,-2,away,FIFA World Cup,São Paulo,Brazil,TRUE
6/16/54,Austria,Scotland,1,0,1,home,FIFA World Cup,Zürich,Switzerland,TRUE
6/16/54,Brazil,Mexico,5,0,5,home,FIFA World Cup,Geneva,Switzerland,TRUE
6/16/54,Czechoslovakia,Uruguay,0,2,-2,away,FIFA World Cup,Berne,Switzerland,TRUE
6/16/54,France,Yugoslavia,0,1,-1,away,FIFA World Cup,Lausanne,Switzerland,TRUE
6/17/54,Belgium,England,4,4,0,draw,FIFA World Cup,Basel,Switzerland,TRUE
6/17/54,Germany,Turkey,4,1,3,home,FIFA World Cup,Berne,Switzerland,TRUE
6/17/54,Hungary,South Korea,9,0,9,home,FIFA World Cup,Zürich,Switzerland,TRUE
6/17/54,Switzerland,Italy,2,1,1,home,FIFA World Cup,Lausanne,Switzerland,FALSE
6/19/54,Austria,Czechoslovakia,5,0,5,home,FIFA World Cup,Zürich,Switzerland,TRUE
6/19/54,Brazil,Yugoslavia,1,1,0,draw,FIFA World Cup,Lausanne,Switzerland,TRUE
6/19/54,France,Mexico,3,2,1,home,FIFA World Cup,Geneva,Switzerland,TRUE
6/19/54,Scotland,Uruguay,0,7,-7,away,FIFA World Cup,Basel,Switzerland,TRUE
6/20/54,Belgium,Italy,1,4,-3,away,FIFA World Cup,Lugano,Switzerland,TRUE
6/20/54,Germany,Hungary,3,8,-5,away,FIFA World Cup,Basel,Switzerland,TRUE
6/20/54,South Korea,Turkey,0,7,-7,away,FIFA World Cup,Geneva,Switzerland,TRUE
6/20/54,Switzerland,England,0,2,-2,away,FIFA World Cup,Berne,Switzerland,FALSE
6/23/54,Germany,Turkey,7,2,5,home,FIFA World Cup,Zürich,Switzerland,TRUE
6/23/54,Switzerland,Italy,4,1,3,home,FIFA World Cup,Basel,Switzerland,FALSE
6/26/54,England,Uruguay,2,4,-2,away,FIFA World Cup,Basel,Switzerland,TRUE
6/26/54,Switzerland,Austria,5,7,-2,away,FIFA World Cup,Lausanne,Switzerland,FALSE
6/27/54,Brazil,Hungary,2,4,-2,away,FIFA World Cup,Berne,Switzerland,TRUE
6/27/54,Germany,Yugoslavia,2,0,2,home,FIFA World Cup,Geneva,Switzerland,TRUE
6/30/54,Austria,Germany,1,6,-5,away,FIFA World Cup,Basel,Switzerland,TRUE
6/30/54,Hungary,Uruguay,4,2,2,home,FIFA World Cup,Lausanne,Switzerland,TRUE
7/3/54,Austria,Uruguay,3,1,2,home,FIFA World Cup,Zürich,Switzerland,TRUE
7/4/54,Germany,Hungary,3,2,1,home,FIFA World Cup,Berne,Switzerland,TRUE
6/8/58,Argentina,Germany,1,3,-2,away,FIFA World Cup,Malmö,Sweden,TRUE
6/8/58,Austria,Brazil,0,3,-3,away,FIFA World Cup,Uddevalla,Sweden,TRUE
6/8/58,Czechoslovakia,Northern Ireland,0,1,-1,away,FIFA World Cup,Halmstad,Sweden,TRUE
6/8/58,England,Russia,2,2,0,draw,FIFA World Cup,Gothenburg,Sweden,TRUE
6/8/58,France,Paraguay,7,3,4,home,FIFA World Cup,Norrköping,Sweden,TRUE
6/8/58,Hungary,Wales,1,1,0,draw,FIFA World Cup,Sandviken,Sweden,TRUE
6/8/58,Scotland,Yugoslavia,1,1,0,draw,FIFA World Cup,Västerås,Sweden,TRUE
6/8/58,Sweden,Mexico,3,0,3,home,FIFA World Cup,Solna,Sweden,FALSE
6/11/58,Argentina,Northern Ireland,3,1,2,home,FIFA World Cup,Halmstad,Sweden,TRUE
6/11/58,Austria,Russia,0,2,-2,away,FIFA World Cup,Borås,Sweden,TRUE
6/11/58,Brazil,England,0,0,0,draw,FIFA World Cup,Gothenburg,Sweden,TRUE
6/11/58,Czechoslovakia,Germany,2,2,0,draw,FIFA World Cup,Helsingborg,Sweden,TRUE
6/11/58,France,Yugoslavia,2,3,-1,away,FIFA World Cup,Västerås,Sweden,TRUE
6/11/58,Mexico,Wales,1,1,0,draw,FIFA World Cup,Solna,Sweden,TRUE
6/11/58,Paraguay,Scotland,3,2,1,home,FIFA World Cup,Norrköping,Sweden,TRUE
6/12/58,Sweden,Hungary,2,1,1,home,FIFA World Cup,Solna,Sweden,FALSE
6/15/58,Argentina,Czechoslovakia,1,6,-5,away,FIFA World Cup,Helsingborg,Sweden,TRUE
6/15/58,Austria,England,2,2,0,draw,FIFA World Cup,Borås,Sweden,TRUE
6/15/58,Brazil,Russia,2,0,2,home,FIFA World Cup,Gothenburg,Sweden,TRUE
6/15/58,France,Scotland,2,1,1,home,FIFA World Cup,Örebro,Sweden,TRUE
6/15/58,Germany,Northern Ireland,2,2,0,draw,FIFA World Cup,Malmö,Sweden,TRUE
6/15/58,Hungary,Mexico,4,0,4,home,FIFA World Cup,Sandviken,Sweden,TRUE
6/15/58,Paraguay,Yugoslavia,3,3,0,draw,FIFA World Cup,Eskilstuna,Sweden,TRUE
6/15/58,Sweden,Wales,0,0,0,draw,FIFA World Cup,Solna,Sweden,FALSE
6/17/58,Czechoslovakia,Northern Ireland,1,2,-1,away,FIFA World Cup,Malmö,Sweden,TRUE
6/17/58,England,Russia,0,1,-1,away,FIFA World Cup,Gothenburg,Sweden,TRUE
6/17/58,Hungary,Wales,1,2,-1,away,FIFA World Cup,Solna,Sweden,TRUE
6/19/58,Brazil,Wales,1,0,1,home,FIFA World Cup,Gothenburg,Sweden,TRUE
6/19/58,France,Northern Ireland,4,0,4,home,FIFA World Cup,Norrköping,Sweden,TRUE
6/19/58,Germany,Yugoslavia,1,0,1,home,FIFA World Cup,Malmö,Sweden,TRUE
6/19/58,Sweden,Russia,2,0,2,home,FIFA World Cup,Solna,Sweden,FALSE
6/24/58,Brazil,France,5,2,3,home,FIFA World Cup,Solna,Sweden,TRUE
6/24/58,Sweden,Germany,3,1,2,home,FIFA World Cup,Gothenburg,Sweden,FALSE
6/28/58,France,Germany,6,3,3,home,FIFA World Cup,Gothenburg,Sweden,TRUE
6/29/58,Sweden,Brazil,2,5,-3,away,FIFA World Cup,Solna,Sweden,FALSE
5/30/62,Argentina,Bulgaria,1,0,1,home,FIFA World Cup,Rancagua,Chile,TRUE
5/30/62,Brazil,Mexico,2,0,2,home,FIFA World Cup,Viña del Mar,Chile,TRUE
5/30/62,Chile,Switzerland,3,1,2,home,FIFA World Cup,Santiago,Chile,FALSE
5/30/62,Colombia,Uruguay,1,2,-1,away,FIFA World Cup,Arica,Chile,TRUE
5/31/62,Czechoslovakia,Spain,1,0,1,home,FIFA World Cup,Viña del Mar,Chile,TRUE
5/31/62,England,Hungary,1,2,-1,away,FIFA World Cup,Rancagua,Chile,TRUE
5/31/62,Germany,Italy,0,0,0,draw,FIFA World Cup,Santiago,Chile,TRUE
5/31/62,Russia,Yugoslavia,2,0,2,home,FIFA World Cup,Arica,Chile,TRUE
6/2/62,Argentina,England,1,3,-2,away,FIFA World Cup,Rancagua,Chile,TRUE
6/2/62,Brazil,Czechoslovakia,0,0,0,draw,FIFA World Cup,Viña del Mar,Chile,TRUE
6/2/62,Chile,Italy,2,0,2,home,FIFA World Cup,Santiago,Chile,FALSE
6/2/62,Uruguay,Yugoslavia,1,3,-2,away,FIFA World Cup,Arica,Chile,TRUE
6/3/62,Bulgaria,Hungary,1,6,-5,away,FIFA World Cup,Rancagua,Chile,TRUE
6/3/62,Colombia,Russia,4,4,0,draw,FIFA World Cup,Arica,Chile,TRUE
6/3/62,Germany,Switzerland,2,1,1,home,FIFA World Cup,Santiago,Chile,TRUE
6/3/62,Mexico,Spain,0,1,-1,away,FIFA World Cup,Viña del Mar,Chile,TRUE
6/6/62,Argentina,Hungary,0,0,0,draw,FIFA World Cup,Rancagua,Chile,TRUE
6/6/62,Brazil,Spain,2,1,1,home,FIFA World Cup,Viña del Mar,Chile,TRUE
6/6/62,Chile,Germany,0,2,-2,away,FIFA World Cup,Santiago,Chile,FALSE
6/6/62,Russia,Uruguay,2,1,1,home,FIFA World Cup,Arica,Chile,TRUE
6/7/62,Bulgaria,England,0,0,0,draw,FIFA World Cup,Rancagua,Chile,TRUE
6/7/62,Colombia,Yugoslavia,0,5,-5,away,FIFA World Cup,Arica,Chile,TRUE
6/7/62,Czechoslovakia,Mexico,1,3,-2,away,FIFA World Cup,Viña del Mar,Chile,TRUE
6/7/62,Italy,Switzerland,3,0,3,home,FIFA World Cup,Santiago,Chile,TRUE
6/10/62,Brazil,England,3,1,2,home,FIFA World Cup,Viña del Mar,Chile,TRUE
6/10/62,Chile,Russia,2,1,1,home,FIFA World Cup,Arica,Chile,FALSE
6/10/62,Czechoslovakia,Hungary,1,0,1,home,FIFA World Cup,Rancagua,Chile,TRUE
6/10/62,Germany,Yugoslavia,0,1,-1,away,FIFA World Cup,Santiago,Chile,TRUE
6/13/62,Chile,Brazil,2,4,-2,away,FIFA World Cup,Santiago,Chile,FALSE
6/13/62,Czechoslovakia,Yugoslavia,3,1,2,home,FIFA World Cup,Viña del Mar,Chile,TRUE
6/16/62,Chile,Yugoslavia,1,0,1,home,FIFA World Cup,Santiago,Chile,FALSE
6/17/62,Brazil,Czechoslovakia,3,1,2,home,FIFA World Cup,Santiago,Chile,TRUE
7/11/66,England,Uruguay,0,0,0,draw,FIFA World Cup,London,England,FALSE
7/12/66,Brazil,Bulgaria,2,0,2,home,FIFA World Cup,Liverpool,England,TRUE
7/12/66,Germany,Switzerland,5,0,5,home,FIFA World Cup,Sheffield,England,TRUE
7/12/66,North Korea,Russia,0,3,-3,away,FIFA World Cup,Middlesbrough,England,TRUE
7/13/66,Argentina,Spain,2,1,1,home,FIFA World Cup,Birmingham,England,TRUE
7/13/66,Chile,Italy,0,2,-2,away,FIFA World Cup,Sunderland,England,TRUE
7/13/66,France,Mexico,1,1,0,draw,FIFA World Cup,London,England,TRUE
7/13/66,Hungary,Portugal,1,3,-2,away,FIFA World Cup,Manchester,England,TRUE
7/15/66,Brazil,Hungary,1,3,-2,away,FIFA World Cup,Liverpool,England,TRUE
7/15/66,Chile,North Korea,1,1,0,draw,FIFA World Cup,Middlesbrough,England,TRUE
7/15/66,France,Uruguay,1,2,-1,away,FIFA World Cup,London,England,TRUE
7/15/66,Spain,Switzerland,2,1,1,home,FIFA World Cup,Sheffield,England,TRUE
7/16/66,Argentina,Germany,0,0,0,draw,FIFA World Cup,Birmingham,England,TRUE
7/16/66,Bulgaria,Portugal,0,3,-3,away,FIFA World Cup,Manchester,England,TRUE
7/16/66,England,Mexico,2,0,2,home,FIFA World Cup,London,England,FALSE
7/16/66,Italy,Russia,0,1,-1,away,FIFA World Cup,Sunderland,England,TRUE
7/19/66,Argentina,Switzerland,2,0,2,home,FIFA World Cup,Sheffield,England,TRUE
7/19/66,Brazil,Portugal,1,3,-2,away,FIFA World Cup,Liverpool,England,TRUE
7/19/66,Italy,North Korea,0,1,-1,away,FIFA World Cup,Middlesbrough,England,TRUE
7/19/66,Mexico,Uruguay,0,0,0,draw,FIFA World Cup,London,England,TRUE
7/20/66,Bulgaria,Hungary,1,3,-2,away,FIFA World Cup,Manchester,England,TRUE
7/20/66,Chile,Russia,1,2,-1,away,FIFA World Cup,Sunderland,England,TRUE
7/20/66,England,France,2,0,2,home,FIFA World Cup,London,England,FALSE
7/20/66,Germany,Spain,2,1,1,home,FIFA World Cup,Birmingham,England,TRUE
7/23/66,England,Argentina,1,0,1,home,FIFA World Cup,London,England,FALSE
7/23/66,Germany,Uruguay,4,0,4,home,FIFA World Cup,Sheffield,England,TRUE
7/23/66,Hungary,Russia,1,2,-1,away,FIFA World Cup,Sunderland,England,TRUE
7/23/66,North Korea,Portugal,3,5,-2,away,FIFA World Cup,Liverpool,England,TRUE
7/25/66,Germany,Russia,2,1,1,home,FIFA World Cup,Liverpool,England,TRUE
7/26/66,England,Portugal,2,1,1,home,FIFA World Cup,London,England,FALSE
7/28/66,Portugal,Russia,2,1,1,home,FIFA World Cup,London,England,TRUE
7/30/66,England,Germany,4,2,2,home,FIFA World Cup,London,England,FALSE
5/31/70,Mexico,Russia,0,0,0,draw,FIFA World Cup,Mexico City,Mexico,FALSE
6/2/70,Bulgaria,Peru,2,3,-1,away,FIFA World Cup,León,Mexico,TRUE
6/2/70,England,Romania,1,0,1,home,FIFA World Cup,Guadalajara,Mexico,TRUE
6/2/70,Israel,Uruguay,0,2,-2,away,FIFA World Cup,Puebla,Mexico,TRUE
6/3/70,Belgium,El Salvador,3,0,3,home,FIFA World Cup,Mexico City,Mexico,TRUE
6/3/70,Brazil,Czechoslovakia,4,1,3,home,FIFA World Cup,Guadalajara,Mexico,TRUE
6/3/70,Germany,Morocco,2,1,1,home,FIFA World Cup,León,Mexico,TRUE
6/3/70,Italy,Sweden,1,0,1,home,FIFA World Cup,Toluca,Mexico,TRUE
6/6/70,Belgium,Russia,1,4,-3,away,FIFA World Cup,Mexico City,Mexico,TRUE
6/6/70,Czechoslovakia,Romania,1,2,-1,away,FIFA World Cup,Guadalajara,Mexico,TRUE
6/6/70,Italy,Uruguay,0,0,0,draw,FIFA World Cup,Puebla,Mexico,TRUE
6/6/70,Morocco,Peru,0,3,-3,away,FIFA World Cup,León,Mexico,TRUE
6/7/70,Brazil,England,1,0,1,home,FIFA World Cup,Guadalajara,Mexico,TRUE
6/7/70,Bulgaria,Germany,2,5,-3,away,FIFA World Cup,León,Mexico,TRUE
6/7/70,Israel,Sweden,1,1,0,draw,FIFA World Cup,Toluca,Mexico,TRUE
6/7/70,Mexico,El Salvador,4,0,4,home,FIFA World Cup,Mexico City,Mexico,FALSE
6/10/70,Brazil,Romania,3,2,1,home,FIFA World Cup,Guadalajara,Mexico,TRUE
6/10/70,El Salvador,Russia,0,2,-2,away,FIFA World Cup,Mexico City,Mexico,TRUE
6/10/70,Germany,Peru,3,1,2,home,FIFA World Cup,León,Mexico,TRUE
6/10/70,Sweden,Uruguay,1,0,1,home,FIFA World Cup,Puebla,Mexico,TRUE
6/11/70,Bulgaria,Morocco,1,1,0,draw,FIFA World Cup,León,Mexico,TRUE
6/11/70,Czechoslovakia,England,0,1,-1,away,FIFA World Cup,Guadalajara,Mexico,TRUE
6/11/70,Israel,Italy,0,0,0,draw,FIFA World Cup,Toluca,Mexico,TRUE
6/11/70,Mexico,Belgium,1,0,1,home,FIFA World Cup,Mexico City,Mexico,FALSE
6/14/70,Brazil,Peru,4,2,2,home,FIFA World Cup,Guadalajara,Mexico,TRUE
6/14/70,England,Germany,2,3,-1,away,FIFA World Cup,León,Mexico,TRUE
6/14/70,Mexico,Italy,1,4,-3,away,FIFA World Cup,Toluca,Mexico,FALSE
6/14/70,Russia,Uruguay,0,1,-1,away,FIFA World Cup,Mexico City,Mexico,TRUE
6/17/70,Brazil,Uruguay,3,1,2,home,FIFA World Cup,Guadalajara,Mexico,TRUE
6/17/70,Germany,Italy,3,4,-1,away,FIFA World Cup,Mexico City,Mexico,TRUE
6/20/70,Germany,Uruguay,1,0,1,home,FIFA World Cup,Mexico City,Mexico,TRUE
6/21/70,Brazil,Italy,4,1,3,home,FIFA World Cup,Mexico City,Mexico,TRUE
6/13/74,Brazil,Yugoslavia,0,0,0,draw,FIFA World Cup,Frankfurt am Main,Germany,TRUE
6/14/74,DR Congo,Scotland,0,2,-2,away,FIFA World Cup,Dortmund,Germany,TRUE
6/14/74,German DR,Australia,2,0,2,home,FIFA World Cup,Hamburg,Germany,TRUE
6/14/74,Germany,Chile,1,0,1,home,FIFA World Cup,Berlin,Germany,FALSE
6/15/74,Italy,Haiti,3,1,2,home,FIFA World Cup,Munich,Germany,TRUE
6/15/74,Poland,Argentina,3,2,1,home,FIFA World Cup,Stuttgart,Germany,TRUE
6/15/74,Sweden,Bulgaria,0,0,0,draw,FIFA World Cup,Düsseldorf,Germany,TRUE
6/15/74,Uruguay,Netherlands,0,2,-2,away,FIFA World Cup,Hanover,Germany,TRUE
6/18/74,Chile,German DR,1,1,0,draw,FIFA World Cup,Berlin,Germany,TRUE
6/18/74,Germany,Australia,3,0,3,home,FIFA World Cup,Hamburg,Germany,FALSE
6/18/74,Scotland,Brazil,0,0,0,draw,FIFA World Cup,Frankfurt am Main,Germany,TRUE
6/18/74,Yugoslavia,DR Congo,9,0,9,home,FIFA World Cup,Gelsenkirchen,Germany,TRUE
6/19/74,Argentina,Italy,1,1,0,draw,FIFA World Cup,Stuttgart,Germany,TRUE
6/19/74,Bulgaria,Uruguay,1,1,0,draw,FIFA World Cup,Hanover,Germany,TRUE
6/19/74,Haiti,Poland,0,7,-7,away,FIFA World Cup,Munich,Germany,TRUE
6/19/74,Netherlands,Sweden,0,0,0,draw,FIFA World Cup,Dortmund,Germany,TRUE
6/22/74,Australia,Chile,0,0,0,draw,FIFA World Cup,Berlin,Germany,TRUE
6/22/74,DR Congo,Brazil,0,3,-3,away,FIFA World Cup,Gelsenkirchen,Germany,TRUE
6/22/74,Germany,German DR,0,1,-1,away,FIFA World Cup,Hamburg,Germany,FALSE
6/22/74,Scotland,Yugoslavia,1,1,0,draw,FIFA World Cup,Frankfurt am Main,Germany,TRUE
6/23/74,Argentina,Haiti,4,1,3,home,FIFA World Cup,Munich,Germany,TRUE
6/23/74,Bulgaria,Netherlands,1,4,-3,away,FIFA World Cup,Dortmund,Germany,TRUE
6/23/74,Poland,Italy,2,1,1,home,FIFA World Cup,Stuttgart,Germany,TRUE
6/23/74,Sweden,Uruguay,3,0,3,home,FIFA World Cup,Düsseldorf,Germany,TRUE
6/26/74,Brazil,German DR,1,0,1,home,FIFA World Cup,Hanover,Germany,TRUE
6/26/74,Germany,Yugoslavia,2,0,2,home,FIFA World Cup,Düsseldorf,Germany,FALSE
6/26/74,Netherlands,Argentina,4,0,4,home,FIFA World Cup,Gelsenkirchen,Germany,TRUE
6/26/74,Sweden,Poland,0,1,-1,away,FIFA World Cup,Stuttgart,Germany,TRUE
6/30/74,Argentina,Brazil,1,2,-1,away,FIFA World Cup,Hanover,Germany,TRUE
6/30/74,German DR,Netherlands,0,2,-2,away,FIFA World Cup,Gelsenkirchen,Germany,TRUE
6/30/74,Germany,Sweden,4,2,2,home,FIFA World Cup,Düsseldorf,Germany,FALSE
6/30/74,Poland,Yugoslavia,2,1,1,home,FIFA World Cup,Frankfurt am Main,Germany,TRUE
7/3/74,Argentina,German DR,1,1,0,draw,FIFA World Cup,Gelsenkirchen,Germany,TRUE
7/3/74,Germany,Poland,1,0,1,home,FIFA World Cup,Frankfurt am Main,Germany,FALSE
7/3/74,Netherlands,Brazil,2,0,2,home,FIFA World Cup,Dortmund,Germany,TRUE
7/3/74,Sweden,Yugoslavia,2,1,1,home,FIFA World Cup,Düsseldorf,Germany,TRUE
7/6/74,Brazil,Poland,0,1,-1,away,FIFA World Cup,Munich,Germany,TRUE
7/7/74,Germany,Netherlands,2,1,1,home,FIFA World Cup,Munich,Germany,FALSE
6/1/78,Germany,Poland,0,0,0,draw,FIFA World Cup,Buenos Aires,Argentina,TRUE
6/2/78,Argentina,Hungary,2,1,1,home,FIFA World Cup,Buenos Aires,Argentina,FALSE
6/2/78,France,Italy,1,2,-1,away,FIFA World Cup,Mar del Plata,Argentina,TRUE
6/2/78,Mexico,Tunisia,1,3,-2,away,FIFA World Cup,Rosario,Argentina,TRUE
6/3/78,Austria,Spain,2,1,1,home,FIFA World Cup,Buenos Aires,Argentina,TRUE
6/3/78,Brazil,Sweden,1,1,0,draw,FIFA World Cup,Mar del Plata,Argentina,TRUE
6/3/78,Iran,Netherlands,0,3,-3,away,FIFA World Cup,Mendoza,Argentina,TRUE
6/3/78,Peru,Scotland,3,1,2,home,FIFA World Cup,Córdoba,Argentina,TRUE
6/6/78,Argentina,France,2,1,1,home,FIFA World Cup,Buenos Aires,Argentina,FALSE
6/6/78,Germany,Mexico,6,0,6,home,FIFA World Cup,Córdoba,Argentina,TRUE
6/6/78,Hungary,Italy,1,3,-2,away,FIFA World Cup,Mar del Plata,Argentina,TRUE
6/6/78,Poland,Tunisia,1,0,1,home,FIFA World Cup,Rosario,Argentina,TRUE
6/7/78,Austria,Sweden,1,0,1,home,FIFA World Cup,Buenos Aires,Argentina,TRUE
6/7/78,Brazil,Spain,0,0,0,draw,FIFA World Cup,Mar del Plata,Argentina,TRUE
6/7/78,Iran,Scotland,1,1,0,draw,FIFA World Cup,Córdoba,Argentina,TRUE
6/7/78,Netherlands,Peru,0,0,0,draw,FIFA World Cup,Mendoza,Argentina,TRUE
6/10/78,Argentina,Italy,0,1,-1,away,FIFA World Cup,Buenos Aires,Argentina,FALSE
6/10/78,France,Hungary,3,1,2,home,FIFA World Cup,Mar del Plata,Argentina,TRUE
6/10/78,Germany,Tunisia,0,0,0,draw,FIFA World Cup,Córdoba,Argentina,TRUE
6/10/78,Mexico,Poland,1,3,-2,away,FIFA World Cup,Rosario,Argentina,TRUE
6/11/78,Austria,Brazil,0,1,-1,away,FIFA World Cup,Mar del Plata,Argentina,TRUE
6/11/78,Iran,Peru,1,4,-3,away,FIFA World Cup,Córdoba,Argentina,TRUE
6/11/78,Netherlands,Scotland,2,3,-1,away,FIFA World Cup,Mendoza,Argentina,TRUE
6/11/78,Spain,Sweden,1,0,1,home,FIFA World Cup,Buenos Aires,Argentina,TRUE
6/14/78,Argentina,Poland,2,0,2,home,FIFA World Cup,Rosario,Argentina,FALSE
6/14/78,Austria,Netherlands,1,5,-4,away,FIFA World Cup,Córdoba,Argentina,TRUE
6/14/78,Brazil,Peru,3,0,3,home,FIFA World Cup,Mendoza,Argentina,TRUE
6/14/78,Germany,Italy,0,0,0,draw,FIFA World Cup,Buenos Aires,Argentina,TRUE
6/18/78,Argentina,Brazil,0,0,0,draw,FIFA World Cup,Rosario,Argentina,FALSE
6/18/78,Austria,Italy,0,1,-1,away,FIFA World Cup,Buenos Aires,Argentina,TRUE
6/18/78,Germany,Netherlands,2,2,0,draw,FIFA World Cup,Córdoba,Argentina,TRUE
6/18/78,Peru,Poland,0,1,-1,away,FIFA World Cup,Mendoza,Argentina,TRUE
6/21/78,Argentina,Peru,6,0,6,home,FIFA World Cup,Rosario,Argentina,FALSE
6/21/78,Austria,Germany,3,2,1,home,FIFA World Cup,Córdoba,Argentina,TRUE
6/21/78,Brazil,Poland,3,1,2,home,FIFA World Cup,Mendoza,Argentina,TRUE
6/21/78,Italy,Netherlands,1,2,-1,away,FIFA World Cup,Buenos Aires,Argentina,TRUE
6/24/78,Brazil,Italy,2,1,1,home,FIFA World Cup,Buenos Aires,Argentina,TRUE
6/25/78,Argentina,Netherlands,3,1,2,home,FIFA World Cup,Buenos Aires,Argentina,FALSE
6/13/82,Argentina,Belgium,0,1,-1,away,FIFA World Cup,Barcelona,Spain,TRUE
6/14/82,Brazil,Russia,2,1,1,home,FIFA World Cup,Seville,Spain,TRUE
6/14/82,Italy,Poland,0,0,0,draw,FIFA World Cup,Vigo,Spain,TRUE
6/15/82,Hungary,El Salvador,10,1,9,home,FIFA World Cup,Elche,Spain,TRUE
6/15/82,Peru,Cameroon,0,0,0,draw,FIFA World Cup,La Coruña,Spain,TRUE
6/15/82,Scotland,New Zealand,5,2,3,home,FIFA World Cup,Málaga,Spain,TRUE
6/16/82,England,France,3,1,2,home,FIFA World Cup,Bilbao,Spain,TRUE
6/16/82,Germany,Algeria,1,2,-1,away,FIFA World Cup,Gijón,Spain,TRUE
6/16/82,Spain,Honduras,1,1,0,draw,FIFA World Cup,Valencia,Spain,FALSE
6/17/82,Chile,Austria,0,1,-1,away,FIFA World Cup,Oviedo,Spain,TRUE
6/17/82,Czechoslovakia,Kuwait,1,1,0,draw,FIFA World Cup,Valladolid,Spain,TRUE
6/17/82,Yugoslavia,Northern Ireland,0,0,0,draw,FIFA World Cup,Zaragoza,Spain,TRUE
6/18/82,Argentina,Hungary,4,1,3,home,FIFA World Cup,Alicante,Spain,TRUE
6/18/82,Brazil,Scotland,4,1,3,home,FIFA World Cup,Seville,Spain,TRUE
6/18/82,Italy,Peru,1,1,0,draw,FIFA World Cup,Vigo,Spain,TRUE
6/19/82,Belgium,El Salvador,1,0,1,home,FIFA World Cup,Elche,Spain,TRUE
6/19/82,Poland,Cameroon,0,0,0,draw,FIFA World Cup,La Coruña,Spain,TRUE
6/19/82,Russia,New Zealand,3,0,3,home,FIFA World Cup,Málaga,Spain,TRUE
6/20/82,England,Czechoslovakia,2,0,2,home,FIFA World Cup,Bilbao,Spain,TRUE
6/20/82,Germany,Chile,4,1,3,home,FIFA World Cup,Gijón,Spain,TRUE
6/20/82,Spain,Yugoslavia,2,1,1,home,FIFA World Cup,Valencia,Spain,FALSE
6/21/82,Algeria,Austria,0,2,-2,away,FIFA World Cup,Oviedo,Spain,TRUE
6/21/82,France,Kuwait,4,1,3,home,FIFA World Cup,Valladolid,Spain,TRUE
6/21/82,Honduras,Northern Ireland,1,1,0,draw,FIFA World Cup,Zaragoza,Spain,TRUE
6/22/82,Belgium,Hungary,1,1,0,draw,FIFA World Cup,Elche,Spain,TRUE
6/22/82,Poland,Peru,5,1,4,home,FIFA World Cup,La Coruña,Spain,TRUE
6/22/82,Russia,Scotland,2,2,0,draw,FIFA World Cup,Málaga,Spain,TRUE
6/23/82,Argentina,El Salvador,2,0,2,home,FIFA World Cup,Alicante,Spain,TRUE
6/23/82,Brazil,New Zealand,4,0,4,home,FIFA World Cup,Seville,Spain,TRUE
6/23/82,Italy,Cameroon,1,1,0,draw,FIFA World Cup,Vigo,Spain,TRUE
6/24/82,Algeria,Chile,3,2,1,home,FIFA World Cup,Oviedo,Spain,TRUE
6/24/82,France,Czechoslovakia,1,1,0,draw,FIFA World Cup,Valladolid,Spain,TRUE
6/24/82,Honduras,Yugoslavia,0,1,-1,away,FIFA World Cup,Zaragoza,Spain,TRUE
6/25/82,England,Kuwait,1,0,1,home,FIFA World Cup,Bilbao,Spain,TRUE
6/25/82,Germany,Austria,1,0,1,home,FIFA World Cup,Gijón,Spain,TRUE
6/25/82,Spain,Northern Ireland,0,1,-1,away,FIFA World Cup,Valencia,Spain,FALSE
6/28/82,Austria,France,0,1,-1,away,FIFA World Cup,Madrid,Spain,TRUE
6/28/82,Poland,Belgium,3,0,3,home,FIFA World Cup,Barcelona,Spain,TRUE
6/29/82,Germany,England,0,0,0,draw,FIFA World Cup,Madrid,Spain,TRUE
6/29/82,Italy,Argentina,2,1,1,home,FIFA World Cup,Barcelona,Spain,TRUE
7/1/82,Austria,Northern Ireland,2,2,0,draw,FIFA World Cup,Madrid,Spain,TRUE
7/1/82,Belgium,Russia,0,1,-1,away,FIFA World Cup,Barcelona,Spain,TRUE
7/2/82,Argentina,Brazil,1,3,-2,away,FIFA World Cup,Barcelona,Spain,TRUE
7/2/82,Spain,Germany,1,2,-1,away,FIFA World Cup,Madrid,Spain,FALSE
7/4/82,France,Northern Ireland,4,1,3,home,FIFA World Cup,Madrid,Spain,TRUE
7/4/82,Poland,Russia,0,0,0,draw,FIFA World Cup,Barcelona,Spain,TRUE
7/5/82,Italy,Brazil,3,2,1,home,FIFA World Cup,Barcelona,Spain,TRUE
7/5/82,Spain,England,0,0,0,draw,FIFA World Cup,Madrid,Spain,FALSE
7/8/82,Germany,France,3,3,0,draw,FIFA World Cup,Seville,Spain,TRUE
7/8/82,Poland,Italy,0,2,-2,away,FIFA World Cup,Barcelona,Spain,TRUE
7/10/82,Poland,France,3,2,1,home,FIFA World Cup,Alicante,Spain,TRUE
7/11/82,Italy,Germany,3,1,2,home,FIFA World Cup,Madrid,Spain,TRUE
5/31/86,Bulgaria,Italy,1,1,0,draw,FIFA World Cup,Mexico City,Mexico,TRUE
6/1/86,Canada,France,0,1,-1,away,FIFA World Cup,León,Mexico,TRUE
6/1/86,Spain,Brazil,0,1,-1,away,FIFA World Cup,Guadalajara,Mexico,TRUE
6/2/86,Argentina,South Korea,3,1,2,home,FIFA World Cup,Mexico City,Mexico,TRUE
6/2/86,Morocco,Poland,0,0,0,draw,FIFA World Cup,Monterrey,Mexico,TRUE
6/2/86,Russia,Hungary,6,0,6,home,FIFA World Cup,Irapuato,Mexico,TRUE
6/3/86,Algeria,Northern Ireland,1,1,0,draw,FIFA World Cup,Guadalajara,Mexico,TRUE
6/3/86,Mexico,Belgium,2,1,1,home,FIFA World Cup,Mexico City,Mexico,FALSE
6/3/86,Portugal,England,1,0,1,home,FIFA World Cup,Monterrey,Mexico,TRUE
6/4/86,Paraguay,Iraq,1,0,1,home,FIFA World Cup,Toluca,Mexico,TRUE
6/4/86,Scotland,Denmark,0,1,-1,away,FIFA World Cup,Nezahualcóyotl,Mexico,TRUE
6/4/86,Uruguay,Germany,1,1,0,draw,FIFA World Cup,Querétaro,Mexico,TRUE
6/5/86,France,Russia,1,1,0,draw,FIFA World Cup,León,Mexico,TRUE
6/5/86,Italy,Argentina,1,1,0,draw,FIFA World Cup,Puebla,Mexico,TRUE
6/5/86,South Korea,Bulgaria,1,1,0,draw,FIFA World Cup,Mexico City,Mexico,TRUE
6/6/86,Brazil,Algeria,1,0,1,home,FIFA World Cup,Guadalajara,Mexico,TRUE
6/6/86,England,Morocco,0,0,0,draw,FIFA World Cup,Monterrey,Mexico,TRUE
6/6/86,Hungary,Canada,2,0,2,home,FIFA World Cup,Irapuato,Mexico,TRUE
6/7/86,Mexico,Paraguay,1,1,0,draw,FIFA World Cup,Mexico City,Mexico,FALSE
6/7/86,Northern Ireland,Spain,1,2,-1,away,FIFA World Cup,Guadalajara,Mexico,TRUE
6/7/86,Poland,Portugal,1,0,1,home,FIFA World Cup,Monterrey,Mexico,TRUE
6/8/86,Denmark,Uruguay,6,1,5,home,FIFA World Cup,Nezahualcóyotl,Mexico,TRUE
6/8/86,Germany,Scotland,2,1,1,home,FIFA World Cup,Querétaro,Mexico,TRUE
6/8/86,Iraq,Belgium,1,2,-1,away,FIFA World Cup,Toluca,Mexico,TRUE
6/9/86,Hungary,France,0,3,-3,away,FIFA World Cup,León,Mexico,TRUE
6/9/86,Russia,Canada,2,0,2,home,FIFA World Cup,Irapuato,Mexico,TRUE
6/10/86,Argentina,Bulgaria,2,0,2,home,FIFA World Cup,Mexico City,Mexico,TRUE
6/10/86,South Korea,Italy,2,3,-1,away,FIFA World Cup,Puebla,Mexico,TRUE
6/11/86,England,Poland,3,0,3,home,FIFA World Cup,Monterrey,Mexico,TRUE
6/11/86,Mexico,Iraq,1,0,1,home,FIFA World Cup,Mexico City,Mexico,FALSE
6/11/86,Paraguay,Belgium,2,2,0,draw,FIFA World Cup,Toluca,Mexico,TRUE
6/11/86,Portugal,Morocco,1,3,-2,away,FIFA World Cup,Guadalajara,Mexico,TRUE
6/12/86,Algeria,Spain,0,3,-3,away,FIFA World Cup,Monterrey,Mexico,TRUE
6/12/86,Northern Ireland,Brazil,0,3,-3,away,FIFA World Cup,Guadalajara,Mexico,TRUE
6/13/86,Denmark,Germany,2,0,2,home,FIFA World Cup,Querétaro,Mexico,TRUE
6/13/86,Scotland,Uruguay,0,0,0,draw,FIFA World Cup,Nezahualcóyotl,Mexico,TRUE
6/15/86,Mexico,Bulgaria,2,0,2,home,FIFA World Cup,Mexico City,Mexico,FALSE
6/15/86,Russia,Belgium,3,4,-1,away,FIFA World Cup,León,Mexico,TRUE
6/16/86,Argentina,Uruguay,1,0,1,home,FIFA World Cup,Puebla,Mexico,TRUE
6/16/86,Brazil,Poland,4,0,4,home,FIFA World Cup,Guadalajara,Mexico,TRUE
6/17/86,Italy,France,0,2,-2,away,FIFA World Cup,Mexico City,Mexico,TRUE
6/17/86,Morocco,Germany,0,1,-1,away,FIFA World Cup,Monterrey,Mexico,TRUE
6/18/86,Denmark,Spain,1,5,-4,away,FIFA World Cup,Querétaro,Mexico,TRUE
6/18/86,England,Paraguay,3,0,3,home,FIFA World Cup,Mexico City,Mexico,TRUE
6/21/86,Brazil,France,1,1,0,draw,FIFA World Cup,Guadalajara,Mexico,TRUE
6/21/86,Mexico,Germany,0,0,0,draw,FIFA World Cup,Monterrey,Mexico,FALSE
6/22/86,Argentina,England,2,1,1,home,FIFA World Cup,Mexico City,Mexico,TRUE
6/22/86,Spain,Belgium,1,1,0,draw,FIFA World Cup,Puebla,Mexico,TRUE
6/25/86,Argentina,Belgium,2,0,2,home,FIFA World Cup,Mexico City,Mexico,TRUE
6/25/86,France,Germany,0,2,-2,away,FIFA World Cup,Guadalajara,Mexico,TRUE
6/28/86,France,Belgium,4,2,2,home,FIFA World Cup,Puebla,Mexico,TRUE
6/29/86,Argentina,Germany,3,2,1,home,FIFA World Cup,Mexico City,Mexico,TRUE
6/8/90,Argentina,Cameroon,0,1,-1,away,FIFA World Cup,Milan,Italy,TRUE
6/9/90,Italy,Austria,1,0,1,home,FIFA World Cup,Rome,Italy,FALSE
6/9/90,Russia,Romania,0,2,-2,away,FIFA World Cup,Bari,Italy,TRUE
6/9/90,United Arab Emirates,Colombia,0,2,-2,away,FIFA World Cup,Bologna,Italy,TRUE
6/10/90,Brazil,Sweden,2,1,1,home,FIFA World Cup,Turin,Italy,TRUE
6/10/90,Germany,Yugoslavia,4,1,3,home,FIFA World Cup,Milan,Italy,TRUE
6/10/90,United States,Czechoslovakia,1,5,-4,away,FIFA World Cup,Florence,Italy,TRUE
6/11/90,Costa Rica,Scotland,1,0,1,home,FIFA World Cup,Genoa,Italy,TRUE
6/11/90,England,Republic of Ireland,1,1,0,draw,FIFA World Cup,Cagliari,Italy,TRUE
6/12/90,Belgium,South Korea,2,0,2,home,FIFA World Cup,Verona,Italy,TRUE
6/12/90,Netherlands,Egypt,1,1,0,draw,FIFA World Cup,Palermo,Italy,TRUE
6/13/90,Argentina,Russia,2,0,2,home,FIFA World Cup,Naples,Italy,TRUE
6/13/90,Uruguay,Spain,0,0,0,draw,FIFA World Cup,Udine,Italy,TRUE
6/14/90,Cameroon,Romania,2,1,1,home,FIFA World Cup,Bari,Italy,TRUE
6/14/90,Italy,United States,1,0,1,home,FIFA World Cup,Rome,Italy,FALSE
6/14/90,Yugoslavia,Colombia,1,0,1,home,FIFA World Cup,Bologna,Italy,TRUE
6/15/90,Austria,Czechoslovakia,0,1,-1,away,FIFA World Cup,Florence,Italy,TRUE
6/15/90,Germany,United Arab Emirates,5,1,4,home,FIFA World Cup,Milan,Italy,TRUE
6/16/90,Brazil,Costa Rica,1,0,1,home,FIFA World Cup,Turin,Italy,TRUE
6/16/90,England,Netherlands,0,0,0,draw,FIFA World Cup,Cagliari,Italy,TRUE
6/16/90,Sweden,Scotland,1,2,-1,away,FIFA World Cup,Genoa,Italy,TRUE
6/17/90,Belgium,Uruguay,3,1,2,home,FIFA World Cup,Verona,Italy,TRUE
6/17/90,Republic of Ireland,Egypt,0,0,0,draw,FIFA World Cup,Palermo,Italy,TRUE
6/17/90,South Korea,Spain,1,3,-2,away,FIFA World Cup,Udine,Italy,TRUE
6/18/90,Argentina,Romania,1,1,0,draw,FIFA World Cup,Naples,Italy,TRUE
6/18/90,Cameroon,Russia,0,4,-4,away,FIFA World Cup,Bari,Italy,TRUE
6/19/90,Austria,United States,2,1,1,home,FIFA World Cup,Florence,Italy,TRUE
6/19/90,Germany,Colombia,1,1,0,draw,FIFA World Cup,Milan,Italy,TRUE
6/19/90,Italy,Czechoslovakia,2,0,2,home,FIFA World Cup,Rome,Italy,FALSE
6/19/90,Yugoslavia,United Arab Emirates,4,1,3,home,FIFA World Cup,Bologna,Italy,TRUE
6/20/90,Brazil,Scotland,1,0,1,home,FIFA World Cup,Turin,Italy,TRUE
6/20/90,Sweden,Costa Rica,1,2,-1,away,FIFA World Cup,Genoa,Italy,TRUE
6/21/90,Belgium,Spain,1,2,-1,away,FIFA World Cup,Verona,Italy,TRUE
6/21/90,England,Egypt,1,0,1,home,FIFA World Cup,Cagliari,Italy,TRUE
6/21/90,Republic of Ireland,Netherlands,1,1,0,draw,FIFA World Cup,Palermo,Italy,TRUE
6/21/90,South Korea,Uruguay,0,1,-1,away,FIFA World Cup,Udine,Italy,TRUE
6/23/90,Cameroon,Colombia,2,1,1,home,FIFA World Cup,Naples,Italy,TRUE
6/23/90,Czechoslovakia,Costa Rica,4,1,3,home,FIFA World Cup,Bari,Italy,TRUE
6/24/90,Brazil,Argentina,0,1,-1,away,FIFA World Cup,Turin,Italy,TRUE
6/24/90,Germany,Netherlands,2,1,1,home,FIFA World Cup,Milan,Italy,TRUE
6/25/90,Republic of Ireland,Romania,0,0,0,draw,FIFA World Cup,Genoa,Italy,TRUE
6/25/90,Italy,Uruguay,2,0,2,home,FIFA World Cup,Rome,Italy,FALSE
6/26/90,England,Belgium,1,0,1,home,FIFA World Cup,Bologna,Italy,TRUE
6/26/90,Spain,Yugoslavia,1,2,-1,away,FIFA World Cup,Verona,Italy,TRUE
6/30/90,Italy,Republic of Ireland,1,0,1,home,FIFA World Cup,Rome,Italy,FALSE
6/30/90,Yugoslavia,Argentina,0,0,0,draw,FIFA World Cup,Florence,Italy,TRUE
7/1/90,Cameroon,England,2,3,-1,away,FIFA World Cup,Naples,Italy,TRUE
7/1/90,Germany,Czechoslovakia,1,0,1,home,FIFA World Cup,Milan,Italy,TRUE
7/3/90,Italy,Argentina,1,1,0,draw,FIFA World Cup,Naples,Italy,FALSE
7/4/90,Germany,England,1,1,0,draw,FIFA World Cup,Turin,Italy,TRUE
7/7/90,Italy,England,2,1,1,home,FIFA World Cup,Bari,Italy,FALSE
7/8/90,Germany,Argentina,1,0,1,home,FIFA World Cup,Rome,Italy,TRUE
6/17/94,Germany,Bolivia,1,0,1,home,FIFA World Cup,Chicago,United States,TRUE
6/17/94,Spain,South Korea,2,2,0,draw,FIFA World Cup,Dallas,United States,TRUE
6/18/94,Colombia,Romania,1,3,-2,away,FIFA World Cup,Pasadena,United States,TRUE
6/18/94,Italy,Republic of Ireland,0,1,-1,away,FIFA World Cup,East Rutherford,United States,TRUE
6/18/94,United States,Switzerland,1,1,0,draw,FIFA World Cup,Pontiac,United States,FALSE
6/19/94,Belgium,Morocco,1,0,1,home,FIFA World Cup,Orlando,United States,TRUE
6/19/94,Cameroon,Sweden,2,2,0,draw,FIFA World Cup,Pasadena,United States,TRUE
6/19/94,Norway,Mexico,1,0,1,home,FIFA World Cup,Washington,United States,TRUE
6/20/94,Brazil,Russia,2,0,2,home,FIFA World Cup,Palo Alto,United States,TRUE
6/20/94,Netherlands,Saudi Arabia,2,1,1,home,FIFA World Cup,Washington,United States,TRUE
6/21/94,Argentina,Greece,4,0,4,home,FIFA World Cup,Foxborough,United States,TRUE
6/21/94,Germany,Spain,1,1,0,draw,FIFA World Cup,Chicago,United States,TRUE
6/21/94,Nigeria,Bulgaria,3,0,3,home,FIFA World Cup,Dallas,United States,TRUE
6/22/94,Romania,Switzerland,1,4,-3,away,FIFA World Cup,Pontiac,United States,TRUE
6/22/94,United States,Colombia,2,1,1,home,FIFA World Cup,Pasadena,United States,FALSE
6/23/94,Italy,Norway,1,0,1,home,FIFA World Cup,East Rutherford,United States,TRUE
6/23/94,South Korea,Bolivia,0,0,0,draw,FIFA World Cup,Foxborough,United States,TRUE
6/24/94,Brazil,Cameroon,3,0,3,home,FIFA World Cup,Palo Alto,United States,TRUE
6/24/94,Mexico,Republic of Ireland,2,1,1,home,FIFA World Cup,Orlando,United States,TRUE
6/24/94,Sweden,Russia,3,1,2,home,FIFA World Cup,Pontiac,United States,TRUE
6/25/94,Argentina,Nigeria,2,1,1,home,FIFA World Cup,Foxborough,United States,TRUE
6/25/94,Belgium,Netherlands,1,0,1,home,FIFA World Cup,Orlando,United States,TRUE
6/25/94,Saudi Arabia,Morocco,2,1,1,home,FIFA World Cup,East Rutherford,United States,TRUE
6/26/94,Bulgaria,Greece,4,0,4,home,FIFA World Cup,Chicago,United States,TRUE
6/26/94,Switzerland,Colombia,0,2,-2,away,FIFA World Cup,Palo Alto,United States,TRUE
6/26/94,United States,Romania,0,1,-1,away,FIFA World Cup,Pasadena,United States,FALSE
6/27/94,Bolivia,Spain,1,3,-2,away,FIFA World Cup,Chicago,United States,TRUE
6/27/94,Germany,South Korea,3,2,1,home,FIFA World Cup,Dallas,United States,TRUE
6/28/94,Brazil,Sweden,1,1,0,draw,FIFA World Cup,Pontiac,United States,TRUE
6/28/94,Republic of Ireland,Norway,0,0,0,draw,FIFA World Cup,East Rutherford,United States,TRUE
6/28/94,Italy,Mexico,1,1,0,draw,FIFA World Cup,Washington,United States,TRUE
6/28/94,Russia,Cameroon,6,1,5,home,FIFA World Cup,Palo Alto,United States,TRUE
6/29/94,Belgium,Saudi Arabia,0,1,-1,away,FIFA World Cup,Washington,United States,TRUE
6/29/94,Morocco,Netherlands,1,2,-1,away,FIFA World Cup,Orlando,United States,TRUE
6/30/94,Argentina,Bulgaria,0,2,-2,away,FIFA World Cup,Dallas,United States,TRUE
6/30/94,Greece,Nigeria,0,2,-2,away,FIFA World Cup,Foxborough,United States,TRUE
7/2/94,Germany,Belgium,3,2,1,home,FIFA World Cup,Chicago,United States,TRUE
7/2/94,Spain,Switzerland,3,0,3,home,FIFA World Cup,Washington,United States,TRUE
7/3/94,Romania,Argentina,3,2,1,home,FIFA World Cup,Pasadena,United States,TRUE
7/3/94,Saudi Arabia,Sweden,1,3,-2,away,FIFA World Cup,Dallas,United States,TRUE
7/4/94,Netherlands,Republic of Ireland,2,0,2,home,FIFA World Cup,Orlando,United States,TRUE
7/4/94,United States,Brazil,0,1,-1,away,FIFA World Cup,Palo Alto,United States,FALSE
7/5/94,Mexico,Bulgaria,1,1,0,draw,FIFA World Cup,East Rutherford,United States,TRUE
7/5/94,Nigeria,Italy,1,2,-1,away,FIFA World Cup,Foxborough,United States,TRUE
7/9/94,Italy,Spain,2,1,1,home,FIFA World Cup,Foxborough,United States,TRUE
7/9/94,Netherlands,Brazil,2,3,-1,away,FIFA World Cup,Dallas,United States,TRUE
7/10/94,Bulgaria,Germany,2,1,1,home,FIFA World Cup,East Rutherford,United States,TRUE
7/10/94,Romania,Sweden,2,2,0,draw,FIFA World Cup,Palo Alto,United States,TRUE
7/13/94,Bulgaria,Italy,1,2,-1,away,FIFA World Cup,East Rutherford,United States,TRUE
7/13/94,Sweden,Brazil,0,1,-1,away,FIFA World Cup,Pasadena,United States,TRUE
7/16/94,Sweden,Bulgaria,4,0,4,home,FIFA World Cup,Pasadena,United States,TRUE
7/17/94,Brazil,Italy,0,0,0,draw,FIFA World Cup,Pasadena,United States,TRUE
6/10/98,Brazil,Scotland,2,1,1,home,FIFA World Cup,Saint-Denis,France,TRUE
6/10/98,Morocco,Norway,2,2,0,draw,FIFA World Cup,Montpellier,France,TRUE
6/11/98,Cameroon,Austria,1,1,0,draw,FIFA World Cup,Toulouse,France,TRUE
6/11/98,Italy,Chile,2,2,0,draw,FIFA World Cup,Bordeaux,France,TRUE
6/12/98,France,South Africa,3,0,3,home,FIFA World Cup,Marseille,France,FALSE
6/12/98,Paraguay,Bulgaria,0,0,0,draw,FIFA World Cup,Montpellier,France,TRUE
6/12/98,Saudi Arabia,Denmark,0,1,-1,away,FIFA World Cup,Lens,France,TRUE
6/13/98,South Korea,Mexico,1,3,-2,away,FIFA World Cup,Lyon,France,TRUE
6/13/98,Netherlands,Belgium,0,0,0,draw,FIFA World Cup,Saint-Denis,France,TRUE
6/13/98,Spain,Nigeria,2,3,-1,away,FIFA World Cup,Nantes,France,TRUE
6/14/98,Argentina,Japan,1,0,1,home,FIFA World Cup,Toulouse,France,TRUE
6/14/98,Jamaica,Croatia,1,3,-2,away,FIFA World Cup,Lens,France,TRUE
6/14/98,Serbia,Iran,1,0,1,home,FIFA World Cup,Saint-Étienne,France,TRUE
6/15/98,England,Tunisia,2,0,2,home,FIFA World Cup,Marseille,France,TRUE
6/15/98,Germany,United States,2,0,2,home,FIFA World Cup,Paris,France,TRUE
6/15/98,Romania,Colombia,1,0,1,home,FIFA World Cup,Lyon,France,TRUE
6/16/98,Brazil,Morocco,3,0,3,home,FIFA World Cup,Nantes,France,TRUE
6/16/98,Scotland,Norway,1,1,0,draw,FIFA World Cup,Bordeaux,France,TRUE
6/17/98,Chile,Austria,1,1,0,draw,FIFA World Cup,Saint-Étienne,France,TRUE
6/17/98,Italy,Cameroon,3,0,3,home,FIFA World Cup,Montpellier,France,TRUE
6/18/98,France,Saudi Arabia,4,0,4,home,FIFA World Cup,Saint-Denis,France,FALSE
6/18/98,South Africa,Denmark,1,1,0,draw,FIFA World Cup,Toulouse,France,TRUE
6/19/98,Nigeria,Bulgaria,1,0,1,home,FIFA World Cup,Paris,France,TRUE
6/19/98,Spain,Paraguay,0,0,0,draw,FIFA World Cup,Saint-Étienne,France,TRUE
6/20/98,Belgium,Mexico,2,2,0,draw,FIFA World Cup,Bordeaux,France,TRUE
6/20/98,Japan,Croatia,0,1,-1,away,FIFA World Cup,Nantes,France,TRUE
6/20/98,Netherlands,South Korea,5,0,5,home,FIFA World Cup,Marseille,France,TRUE
6/21/98,Argentina,Jamaica,5,0,5,home,FIFA World Cup,Paris,France,TRUE
6/21/98,Germany,Serbia,2,2,0,draw,FIFA World Cup,Lens,France,TRUE
6/21/98,United States,Iran,1,2,-1,away,FIFA World Cup,Lyon,France,TRUE
6/22/98,Colombia,Tunisia,1,0,1,home,FIFA World Cup,Montpellier,France,TRUE
6/22/98,Romania,England,2,1,1,home,FIFA World Cup,Toulouse,France,TRUE
6/23/98,Brazil,Norway,1,2,-1,away,FIFA World Cup,Marseille,France,TRUE
6/23/98,Chile,Cameroon,1,1,0,draw,FIFA World Cup,Nantes,France,TRUE
6/23/98,Italy,Austria,2,1,1,home,FIFA World Cup,Saint-Denis,France,TRUE
6/23/98,Scotland,Morocco,0,3,-3,away,FIFA World Cup,Saint-Étienne,France,TRUE
6/24/98,France,Denmark,2,1,1,home,FIFA World Cup,Lyon,France,FALSE
6/24/98,Nigeria,Paraguay,1,3,-2,away,FIFA World Cup,Toulouse,France,TRUE
6/24/98,South Africa,Saudi Arabia,2,2,0,draw,FIFA World Cup,Bordeaux,France,TRUE
6/24/98,Spain,Bulgaria,6,1,5,home,FIFA World Cup,Lens,France,TRUE
6/25/98,Belgium,South Korea,1,1,0,draw,FIFA World Cup,Paris,France,TRUE
6/25/98,Germany,Iran,2,0,2,home,FIFA World Cup,Montpellier,France,TRUE
6/25/98,Netherlands,Mexico,2,2,0,draw,FIFA World Cup,Saint-Étienne,France,TRUE
6/25/98,United States,Serbia,0,1,-1,away,FIFA World Cup,Nantes,France,TRUE
6/26/98,Argentina,Croatia,1,0,1,home,FIFA World Cup,Bordeaux,France,TRUE
6/26/98,Colombia,England,0,2,-2,away,FIFA World Cup,Lens,France,TRUE
6/26/98,Japan,Jamaica,1,2,-1,away,FIFA World Cup,Lyon,France,TRUE
6/26/98,Romania,Tunisia,1,1,0,draw,FIFA World Cup,Saint-Denis,France,TRUE
6/27/98,Brazil,Chile,4,1,3,home,FIFA World Cup,Paris,France,TRUE
6/27/98,Italy,Norway,1,0,1,home,FIFA World Cup,Marseille,France,TRUE
6/28/98,France,Paraguay,1,0,1,home,FIFA World Cup,Lens,France,FALSE
6/28/98,Nigeria,Denmark,1,4,-3,away,FIFA World Cup,Saint-Denis,France,TRUE
6/29/98,Germany,Mexico,2,1,1,home,FIFA World Cup,Montpellier,France,TRUE
6/29/98,Netherlands,Serbia,2,1,1,home,FIFA World Cup,Toulouse,France,TRUE
6/30/98,Argentina,England,2,2,0,draw,FIFA World Cup,Saint-Étienne,France,TRUE
6/30/98,Romania,Croatia,0,1,-1,away,FIFA World Cup,Bordeaux,France,TRUE
7/3/98,Brazil,Denmark,3,2,1,home,FIFA World Cup,Nantes,France,TRUE
7/3/98,France,Italy,0,0,0,draw,FIFA World Cup,Saint-Denis,France,FALSE
7/4/98,Germany,Croatia,0,3,-3,away,FIFA World Cup,Lyon,France,TRUE
7/4/98,Netherlands,Argentina,2,1,1,home,FIFA World Cup,Marseille,France,TRUE
7/7/98,Brazil,Netherlands,1,1,0,draw,FIFA World Cup,Marseille,France,TRUE
7/8/98,France,Croatia,2,1,1,home,FIFA World Cup,Saint-Denis,France,FALSE
7/11/98,Netherlands,Croatia,1,2,-1,away,FIFA World Cup,Paris,France,TRUE
7/12/98,France,Brazil,3,0,3,home,FIFA World Cup,Saint-Denis,France,FALSE
5/31/02,France,Senegal,0,1,-1,away,FIFA World Cup,Seoul,South Korea,TRUE
6/1/02,Germany,Saudi Arabia,8,0,8,home,FIFA World Cup,Sapporo,Japan,TRUE
6/1/02,Republic of Ireland,Cameroon,1,1,0,draw,FIFA World Cup,Niigata,Japan,TRUE
6/1/02,Uruguay,Denmark,1,2,-1,away,FIFA World Cup,Ulsan,South Korea,TRUE
6/2/02,Argentina,Nigeria,1,0,1,home,FIFA World Cup,Kashima,Japan,TRUE
6/2/02,England,Sweden,1,1,0,draw,FIFA World Cup,Saitama,Japan,TRUE
6/2/02,Paraguay,South Africa,2,2,0,draw,FIFA World Cup,Busan,South Korea,TRUE
6/2/02,Spain,Slovenia,3,1,2,home,FIFA World Cup,Gwangju,South Korea,TRUE
6/3/02,Brazil,Turkey,2,1,1,home,FIFA World Cup,Ulsan,South Korea,TRUE
6/3/02,Croatia,Mexico,0,1,-1,away,FIFA World Cup,Niigata,Japan,TRUE
6/3/02,Italy,Ecuador,2,0,2,home,FIFA World Cup,Sapporo,Japan,TRUE
6/4/02,China PR,Costa Rica,0,2,-2,away,FIFA World Cup,Gwangju,South Korea,TRUE
6/4/02,Japan,Belgium,2,2,0,draw,FIFA World Cup,Saitama,Japan,FALSE
6/4/02,South Korea,Poland,2,0,2,home,FIFA World Cup,Busan,South Korea,FALSE
6/5/02,Germany,Republic of Ireland,1,1,0,draw,FIFA World Cup,Kashima,Japan,TRUE
6/5/02,Russia,Tunisia,2,0,2,home,FIFA World Cup,Kobe,Japan,TRUE
6/5/02,United States,Portugal,3,2,1,home,FIFA World Cup,Suwon,South Korea,TRUE
6/6/02,Cameroon,Saudi Arabia,1,0,1,home,FIFA World Cup,Saitama,Japan,TRUE
6/6/02,Denmark,Senegal,1,1,0,draw,FIFA World Cup,Daegu,South Korea,TRUE
6/6/02,France,Uruguay,0,0,0,draw,FIFA World Cup,Busan,South Korea,TRUE
6/7/02,Argentina,England,0,1,-1,away,FIFA World Cup,Sapporo,Japan,TRUE
6/7/02,Spain,Paraguay,3,1,2,home,FIFA World Cup,Jeonju,South Korea,TRUE
6/7/02,Sweden,Nigeria,2,1,1,home,FIFA World Cup,Kobe,Japan,TRUE
6/8/02,Brazil,China PR,4,0,4,home,FIFA World Cup,Seogwipo,South Korea,TRUE
6/8/02,Italy,Croatia,1,2,-1,away,FIFA World Cup,Kashima,Japan,TRUE
6/8/02,South Africa,Slovenia,1,0,1,home,FIFA World Cup,Daegu,South Korea,TRUE
6/9/02,Costa Rica,Turkey,1,1,0,draw,FIFA World Cup,Incheon,South Korea,TRUE
6/9/02,Japan,Russia,1,0,1,home,FIFA World Cup,Yokohama,Japan,FALSE
6/9/02,Mexico,Ecuador,2,1,1,home,FIFA World Cup,Rifu,Japan,TRUE
6/10/02,South Korea,United States,1,1,0,draw,FIFA World Cup,Daegu,South Korea,FALSE
6/10/02,Portugal,Poland,4,0,4,home,FIFA World Cup,Jeonju,South Korea,TRUE
6/10/02,Tunisia,Belgium,1,1,0,draw,FIFA World Cup,Ōita,Japan,TRUE
6/11/02,Cameroon,Germany,0,2,-2,away,FIFA World Cup,Fukuroi,Japan,TRUE
6/11/02,Denmark,France,2,0,2,home,FIFA World Cup,Incheon,South Korea,TRUE
6/11/02,Saudi Arabia,Republic of Ireland,0,3,-3,away,FIFA World Cup,Yokohama,Japan,TRUE
6/11/02,Senegal,Uruguay,3,3,0,draw,FIFA World Cup,Suwon,South Korea,TRUE
6/12/02,Nigeria,England,0,0,0,draw,FIFA World Cup,Osaka,Japan,TRUE
6/12/02,Slovenia,Paraguay,1,3,-2,away,FIFA World Cup,Seogwipo,South Korea,TRUE
6/12/02,South Africa,Spain,2,3,-1,away,FIFA World Cup,Daejeon,South Korea,TRUE
6/12/02,Sweden,Argentina,1,1,0,draw,FIFA World Cup,Rifu,Japan,TRUE
6/13/02,Costa Rica,Brazil,2,5,-3,away,FIFA World Cup,Suwon,South Korea,TRUE
6/13/02,Ecuador,Croatia,1,0,1,home,FIFA World Cup,Yokohama,Japan,TRUE
6/13/02,Mexico,Italy,1,1,0,draw,FIFA World Cup,Ōita,Japan,TRUE
6/13/02,Turkey,China PR,3,0,3,home,FIFA World Cup,Seoul,South Korea,TRUE
6/14/02,Belgium,Russia,3,2,1,home,FIFA World Cup,Fukuroi,Japan,TRUE
6/14/02,Japan,Tunisia,2,0,2,home,FIFA World Cup,Osaka,Japan,FALSE
6/14/02,South Korea,Portugal,1,0,1,home,FIFA World Cup,Incheon,South Korea,FALSE
6/14/02,Poland,United States,3,1,2,home,FIFA World Cup,Daejeon,South Korea,TRUE
6/15/02,Denmark,England,0,3,-3,away,FIFA World Cup,Niigata,Japan,TRUE
6/15/02,Germany,Paraguay,1,0,1,home,FIFA World Cup,Seogwipo,South Korea,TRUE
6/16/02,Spain,Republic of Ireland,1,1,0,draw,FIFA World Cup,Suwon,South Korea,TRUE
6/16/02,Sweden,Senegal,1,2,-1,away,FIFA World Cup,Ōita,Japan,TRUE
6/17/02,Brazil,Belgium,2,0,2,home,FIFA World Cup,Kobe,Japan,TRUE
6/17/02,Mexico,United States,0,2,-2,away,FIFA World Cup,Jeonju,South Korea,TRUE
6/18/02,Japan,Turkey,0,1,-1,away,FIFA World Cup,Rifu,Japan,FALSE
6/18/02,South Korea,Italy,2,1,1,home,FIFA World Cup,Daejeon,South Korea,FALSE
6/21/02,England,Brazil,1,2,-1,away,FIFA World Cup,Fukuroi,Japan,TRUE
6/21/02,Germany,United States,1,0,1,home,FIFA World Cup,Ulsan,South Korea,TRUE
6/22/02,South Korea,Spain,0,0,0,draw,FIFA World Cup,Gwangju,South Korea,FALSE
6/22/02,Senegal,Turkey,0,1,-1,away,FIFA World Cup,Osaka,Japan,TRUE
6/25/02,South Korea,Germany,0,1,-1,away,FIFA World Cup,Seoul,South Korea,FALSE
6/26/02,Brazil,Turkey,1,0,1,home,FIFA World Cup,Saitama,Japan,TRUE
6/29/02,South Korea,Turkey,2,3,-1,away,FIFA World Cup,Daegu,South Korea,FALSE
6/30/02,Germany,Brazil,0,2,-2,away,FIFA World Cup,Yokohama,Japan,TRUE
6/9/06,Germany,Costa Rica,4,2,2,home,FIFA World Cup,Munich,Germany,FALSE
6/9/06,Poland,Ecuador,0,2,-2,away,FIFA World Cup,Gelsenkirchen,Germany,TRUE
6/10/06,Argentina,Ivory Coast,2,1,1,home,FIFA World Cup,Hamburg,Germany,TRUE
6/10/06,England,Paraguay,1,0,1,home,FIFA World Cup,Frankfurt am Main,Germany,TRUE
6/10/06,Trinidad and Tobago,Sweden,0,0,0,draw,FIFA World Cup,Dortmund,Germany,TRUE
6/11/06,Angola,Portugal,0,1,-1,away,FIFA World Cup,Cologne,Germany,TRUE
6/11/06,Mexico,Iran,3,1,2,home,FIFA World Cup,Nuremberg,Germany,TRUE
6/11/06,Serbia,Netherlands,0,1,-1,away,FIFA World Cup,Leipzig,Germany,TRUE
6/12/06,Australia,Japan,3,1,2,home,FIFA World Cup,Kaiserslautern,Germany,TRUE
6/12/06,Italy,Ghana,2,0,2,home,FIFA World Cup,Hanover,Germany,TRUE
6/12/06,United States,Czech Republic,0,3,-3,away,FIFA World Cup,Gelsenkirchen,Germany,TRUE
6/13/06,Brazil,Croatia,1,0,1,home,FIFA World Cup,Berlin,Germany,TRUE
6/13/06,France,Switzerland,0,0,0,draw,FIFA World Cup,Stuttgart,Germany,TRUE
6/13/06,South Korea,Togo,2,1,1,home,FIFA World Cup,Frankfurt am Main,Germany,TRUE
6/14/06,Germany,Poland,1,0,1,home,FIFA World Cup,Dortmund,Germany,FALSE
6/14/06,Spain,Ukraine,4,0,4,home,FIFA World Cup,Leipzig,Germany,TRUE
6/14/06,Tunisia,Saudi Arabia,2,2,0,draw,FIFA World Cup,Munich,Germany,TRUE
6/15/06,Ecuador,Costa Rica,3,0,3,home,FIFA World Cup,Hamburg,Germany,TRUE
6/15/06,England,Trinidad and Tobago,2,0,2,home,FIFA World Cup,Nuremberg,Germany,TRUE
6/15/06,Sweden,Paraguay,1,0,1,home,FIFA World Cup,Berlin,Germany,TRUE
6/16/06,Argentina,Serbia,6,0,6,home,FIFA World Cup,Gelsenkirchen,Germany,TRUE
6/16/06,Mexico,Angola,0,0,0,draw,FIFA World Cup,Hanover,Germany,TRUE
6/16/06,Netherlands,Ivory Coast,2,1,1,home,FIFA World Cup,Stuttgart,Germany,TRUE
6/17/06,Czech Republic,Ghana,0,2,-2,away,FIFA World Cup,Cologne,Germany,TRUE
6/17/06,Italy,United States,1,1,0,draw,FIFA World Cup,Kaiserslautern,Germany,TRUE
6/17/06,Portugal,Iran,2,0,2,home,FIFA World Cup,Frankfurt am Main,Germany,TRUE
6/18/06,Brazil,Australia,2,0,2,home,FIFA World Cup,Munich,Germany,TRUE
6/18/06,France,South Korea,1,1,0,draw,FIFA World Cup,Leipzig,Germany,TRUE
6/18/06,Japan,Croatia,0,0,0,draw,FIFA World Cup,Nuremberg,Germany,TRUE
6/19/06,Saudi Arabia,Ukraine,0,4,-4,away,FIFA World Cup,Hamburg,Germany,TRUE
6/19/06,Spain,Tunisia,3,1,2,home,FIFA World Cup,Stuttgart,Germany,TRUE
6/19/06,Togo,Switzerland,0,2,-2,away,FIFA World Cup,Dortmund,Germany,TRUE
6/20/06,Costa Rica,Poland,1,2,-1,away,FIFA World Cup,Hanover,Germany,TRUE
6/20/06,Germany,Ecuador,3,0,3,home,FIFA World Cup,Berlin,Germany,FALSE
6/20/06,Paraguay,Trinidad and Tobago,2,0,2,home,FIFA World Cup,Kaiserslautern,Germany,TRUE
6/20/06,Sweden,England,2,2,0,draw,FIFA World Cup,Cologne,Germany,TRUE
6/21/06,Iran,Angola,1,1,0,draw,FIFA World Cup,Leipzig,Germany,TRUE
6/21/06,Ivory Coast,Serbia,3,2,1,home,FIFA World Cup,Munich,Germany,TRUE
6/21/06,Netherlands,Argentina,0,0,0,draw,FIFA World Cup,Frankfurt am Main,Germany,TRUE
6/21/06,Portugal,Mexico,2,1,1,home,FIFA World Cup,Gelsenkirchen,Germany,TRUE
6/22/06,Croatia,Australia,2,2,0,draw,FIFA World Cup,Stuttgart,Germany,TRUE
6/22/06,Czech Republic,Italy,0,2,-2,away,FIFA World Cup,Hamburg,Germany,TRUE
6/22/06,Ghana,United States,2,1,1,home,FIFA World Cup,Nuremberg,Germany,TRUE
6/22/06,Japan,Brazil,1,4,-3,away,FIFA World Cup,Dortmund,Germany,TRUE
6/23/06,Saudi Arabia,Spain,0,1,-1,away,FIFA World Cup,Kaiserslautern,Germany,TRUE
6/23/06,Switzerland,South Korea,2,0,2,home,FIFA World Cup,Hanover,Germany,TRUE
6/23/06,Togo,France,0,2,-2,away,FIFA World Cup,Cologne,Germany,TRUE
6/23/06,Ukraine,Tunisia,1,0,1,home,FIFA World Cup,Berlin,Germany,TRUE
6/24/06,Argentina,Mexico,2,1,1,home,FIFA World Cup,Leipzig,Germany,TRUE
6/24/06,Germany,Sweden,2,0,2,home,FIFA World Cup,Munich,Germany,FALSE
6/25/06,England,Ecuador,1,0,1,home,FIFA World Cup,Stuttgart,Germany,TRUE
6/25/06,Portugal,Netherlands,1,0,1,home,FIFA World Cup,Nuremberg,Germany,TRUE
6/26/06,Italy,Australia,1,0,1,home,FIFA World Cup,Kaiserslautern,Germany,TRUE
6/26/06,Switzerland,Ukraine,0,0,0,draw,FIFA World Cup,Cologne,Germany,TRUE
6/27/06,Brazil,Ghana,3,0,3,home,FIFA World Cup,Dortmund,Germany,TRUE
6/27/06,Spain,France,1,3,-2,away,FIFA World Cup,Hanover,Germany,TRUE
6/30/06,Germany,Argentina,1,1,0,draw,FIFA World Cup,Berlin,Germany,FALSE
6/30/06,Italy,Ukraine,3,0,3,home,FIFA World Cup,Hamburg,Germany,TRUE
7/1/06,Brazil,France,0,1,-1,away,FIFA World Cup,Frankfurt am Main,Germany,TRUE
7/1/06,England,Portugal,0,0,0,draw,FIFA World Cup,Gelsenkirchen,Germany,TRUE
7/4/06,Germany,Italy,0,2,-2,away,FIFA World Cup,Dortmund,Germany,FALSE
7/5/06,Portugal,France,0,1,-1,away,FIFA World Cup,Munich,Germany,TRUE
7/8/06,Germany,Portugal,3,1,2,home,FIFA World Cup,Stuttgart,Germany,FALSE
7/9/06,Italy,France,1,1,0,draw,FIFA World Cup,Berlin,Germany,TRUE
6/11/10,South Africa,Mexico,1,1,0,draw,FIFA World Cup,Johannesburg,South Africa,FALSE
6/11/10,Uruguay,France,0,0,0,draw,FIFA World Cup,Cape Town,South Africa,TRUE
6/12/10,Argentina,Nigeria,1,0,1,home,FIFA World Cup,Johannesburg,South Africa,TRUE
6/12/10,England,United States,1,1,0,draw,FIFA World Cup,Rustenburg,South Africa,TRUE
6/12/10,South Korea,Greece,2,0,2,home,FIFA World Cup,Port Elizabeth,South Africa,TRUE
6/13/10,Algeria,Slovenia,0,1,-1,away,FIFA World Cup,Polokwane,South Africa,TRUE
6/13/10,Germany,Australia,4,0,4,home,FIFA World Cup,Durban,South Africa,TRUE
6/13/10,Serbia,Ghana,0,1,-1,away,FIFA World Cup,Pretoria,South Africa,TRUE
6/14/10,Italy,Paraguay,1,1,0,draw,FIFA World Cup,Cape Town,South Africa,TRUE
6/14/10,Japan,Cameroon,1,0,1,home,FIFA World Cup,Bloemfontein,South Africa,TRUE
6/14/10,Netherlands,Denmark,2,0,2,home,FIFA World Cup,Johannesburg,South Africa,TRUE
6/15/10,Brazil,North Korea,2,1,1,home,FIFA World Cup,Johannesburg,South Africa,TRUE
6/15/10,Ivory Coast,Portugal,0,0,0,draw,FIFA World Cup,Port Elizabeth,South Africa,TRUE
6/15/10,New Zealand,Slovakia,1,1,0,draw,FIFA World Cup,Rustenburg,South Africa,TRUE
6/16/10,Honduras,Chile,0,1,-1,away,FIFA World Cup,Nelspruit,South Africa,TRUE
6/16/10,South Africa,Uruguay,0,3,-3,away,FIFA World Cup,Pretoria,South Africa,FALSE
6/16/10,Spain,Switzerland,0,1,-1,away,FIFA World Cup,Durban,South Africa,TRUE
6/17/10,Argentina,South Korea,4,1,3,home,FIFA World Cup,Johannesburg,South Africa,TRUE
6/17/10,France,Mexico,0,2,-2,away,FIFA World Cup,Polokwane,South Africa,TRUE
6/17/10,Greece,Nigeria,2,1,1,home,FIFA World Cup,Bloemfontein,South Africa,TRUE
6/18/10,England,Algeria,0,0,0,draw,FIFA World Cup,Cape Town,South Africa,TRUE
6/18/10,Germany,Serbia,0,1,-1,away,FIFA World Cup,Port Elizabeth,South Africa,TRUE
6/18/10,Slovenia,United States,2,2,0,draw,FIFA World Cup,Johannesburg,South Africa,TRUE
6/19/10,Cameroon,Denmark,1,2,-1,away,FIFA World Cup,Pretoria,South Africa,TRUE
6/19/10,Ghana,Australia,1,1,0,draw,FIFA World Cup,Rustenburg,South Africa,TRUE
6/19/10,Netherlands,Japan,1,0,1,home,FIFA World Cup,Durban,South Africa,TRUE
6/20/10,Brazil,Ivory Coast,3,1,2,home,FIFA World Cup,Johannesburg,South Africa,TRUE
6/20/10,Italy,New Zealand,1,1,0,draw,FIFA World Cup,Nelspruit,South Africa,TRUE
6/20/10,Slovakia,Paraguay,0,2,-2,away,FIFA World Cup,Bloemfontein,South Africa,TRUE
6/21/10,Chile,Switzerland,1,0,1,home,FIFA World Cup,Port Elizabeth,South Africa,TRUE
6/21/10,Portugal,North Korea,7,0,7,home,FIFA World Cup,Cape Town,South Africa,TRUE
6/21/10,Spain,Honduras,2,0,2,home,FIFA World Cup,Johannesburg,South Africa,TRUE
6/22/10,Greece,Argentina,0,2,-2,away,FIFA World Cup,Polokwane,South Africa,TRUE
6/22/10,Mexico,Uruguay,0,1,-1,away,FIFA World Cup,Rustenburg,South Africa,TRUE
6/22/10,Nigeria,South Korea,2,2,0,draw,FIFA World Cup,Durban,South Africa,TRUE
6/22/10,South Africa,France,2,1,1,home,FIFA World Cup,Bloemfontein,South Africa,FALSE
6/23/10,Australia,Serbia,2,1,1,home,FIFA World Cup,Nelspruit,South Africa,TRUE
6/23/10,Ghana,Germany,0,1,-1,away,FIFA World Cup,Johannesburg,South Africa,TRUE
6/23/10,Slovenia,England,0,1,-1,away,FIFA World Cup,Port Elizabeth,South Africa,TRUE
6/23/10,United States,Algeria,1,0,1,home,FIFA World Cup,Pretoria,South Africa,TRUE
6/24/10,Cameroon,Netherlands,1,2,-1,away,FIFA World Cup,Cape Town,South Africa,TRUE
6/24/10,Denmark,Japan,1,3,-2,away,FIFA World Cup,Rustenburg,South Africa,TRUE
6/24/10,Paraguay,New Zealand,0,0,0,draw,FIFA World Cup,Polokwane,South Africa,TRUE
6/24/10,Slovakia,Italy,3,2,1,home,FIFA World Cup,Johannesburg,South Africa,TRUE
6/25/10,Chile,Spain,1,2,-1,away,FIFA World Cup,Pretoria,South Africa,TRUE
6/25/10,North Korea,Ivory Coast,0,3,-3,away,FIFA World Cup,Nelspruit,South Africa,TRUE
6/25/10,Portugal,Brazil,0,0,0,draw,FIFA World Cup,Durban,South Africa,TRUE
6/25/10,Switzerland,Honduras,0,0,0,draw,FIFA World Cup,Bloemfontein,South Africa,TRUE
6/26/10,Uruguay,South Korea,2,1,1,home,FIFA World Cup,Port Elizabeth,South Africa,TRUE
6/26/10,United States,Ghana,1,2,-1,away,FIFA World Cup,Rustenburg,South Africa,TRUE
6/27/10,Argentina,Mexico,3,1,2,home,FIFA World Cup,Johannesburg,South Africa,TRUE
6/27/10,Germany,England,4,1,3,home,FIFA World Cup,Bloemfontein,South Africa,TRUE
6/28/10,Brazil,Chile,3,0,3,home,FIFA World Cup,Johannesburg,South Africa,TRUE
6/28/10,Netherlands,Slovakia,2,1,1,home,FIFA World Cup,Durban,South Africa,TRUE
6/29/10,Paraguay,Japan,0,0,0,draw,FIFA World Cup,Pretoria,South Africa,TRUE
6/29/10,Spain,Portugal,1,0,1,home,FIFA World Cup,Cape Town,South Africa,TRUE
7/2/10,Netherlands,Brazil,2,1,1,home,FIFA World Cup,Port Elizabeth,South Africa,TRUE
7/2/10,Uruguay,Ghana,1,1,0,draw,FIFA World Cup,Johannesburg,South Africa,TRUE
7/3/10,Argentina,Germany,0,4,-4,away,FIFA World Cup,Cape Town,South Africa,TRUE
7/3/10,Paraguay,Spain,0,1,-1,away,FIFA World Cup,Johannesburg,South Africa,TRUE
7/6/10,Uruguay,Netherlands,2,3,-1,away,FIFA World Cup,Cape Town,South Africa,TRUE
7/7/10,Germany,Spain,0,1,-1,away,FIFA World Cup,Durban,South Africa,TRUE
7/10/10,Uruguay,Germany,2,3,-1,away,FIFA World Cup,Port Elizabeth,South Africa,TRUE
7/11/10,Netherlands,Spain,0,1,-1,away,FIFA World Cup,Johannesburg,South Africa,TRUE
6/12/14,Brazil,Croatia,3,1,2,home,FIFA World Cup,São Paulo,Brazil,FALSE
6/13/14,Chile,Australia,3,1,2,home,FIFA World Cup,Cuiabá,Brazil,TRUE
6/13/14,Mexico,Cameroon,1,0,1,home,FIFA World Cup,Natal,Brazil,TRUE
6/13/14,Spain,Netherlands,1,5,-4,away,FIFA World Cup,Salvador,Brazil,TRUE
6/14/14,Colombia,Greece,3,0,3,home,FIFA World Cup,Belo Horizonte,Brazil,TRUE
6/14/14,England,Italy,1,2,-1,away,FIFA World Cup,Manaus,Brazil,TRUE
6/14/14,Ivory Coast,Japan,2,1,1,home,FIFA World Cup,Recife,Brazil,TRUE
6/14/14,Uruguay,Costa Rica,1,3,-2,away,FIFA World Cup,Fortaleza,Brazil,TRUE
6/15/14,Argentina,Bosnia and Herzegovina,2,1,1,home,FIFA World Cup,Rio de Janeiro,Brazil,TRUE
6/15/14,France,Honduras,3,0,3,home,FIFA World Cup,Porto Alegre,Brazil,TRUE
6/15/14,Switzerland,Ecuador,2,1,1,home,FIFA World Cup,Brasília,Brazil,TRUE
6/16/14,Germany,Portugal,4,0,4,home,FIFA World Cup,Salvador,Brazil,TRUE
6/16/14,Ghana,United States,1,2,-1,away,FIFA World Cup,Natal,Brazil,TRUE
6/16/14,Iran,Nigeria,0,0,0,draw,FIFA World Cup,Curitiba,Brazil,TRUE
6/17/14,Belgium,Algeria,2,1,1,home,FIFA World Cup,Belo Horizonte,Brazil,TRUE
6/17/14,Brazil,Mexico,0,0,0,draw,FIFA World Cup,Fortaleza,Brazil,FALSE
6/17/14,Russia,South Korea,1,1,0,draw,FIFA World Cup,Cuiabá,Brazil,TRUE
6/18/14,Australia,Netherlands,2,3,-1,away,FIFA World Cup,Curitiba,Brazil,TRUE
6/18/14,Cameroon,Croatia,0,4,-4,away,FIFA World Cup,Manaus,Brazil,TRUE
6/18/14,Spain,Chile,0,2,-2,away,FIFA World Cup,Rio de Janeiro,Brazil,TRUE
6/19/14,Colombia,Ivory Coast,2,1,1,home,FIFA World Cup,Brasília,Brazil,TRUE
6/19/14,Japan,Greece,0,0,0,draw,FIFA World Cup,Natal,Brazil,TRUE
6/19/14,Uruguay,England,2,1,1,home,FIFA World Cup,São Paulo,Brazil,TRUE
6/20/14,Honduras,Ecuador,1,2,-1,away,FIFA World Cup,Curitiba,Brazil,TRUE
6/20/14,Italy,Costa Rica,0,1,-1,away,FIFA World Cup,Recife,Brazil,TRUE
6/20/14,Switzerland,France,2,5,-3,away,FIFA World Cup,Salvador,Brazil,TRUE
6/21/14,Argentina,Iran,1,0,1,home,FIFA World Cup,Belo Horizonte,Brazil,TRUE
6/21/14,Germany,Ghana,2,2,0,draw,FIFA World Cup,Fortaleza,Brazil,TRUE
6/21/14,Nigeria,Bosnia and Herzegovina,1,0,1,home,FIFA World Cup,Cuiabá,Brazil,TRUE
6/22/14,Belgium,Russia,1,0,1,home,FIFA World Cup,Rio de Janeiro,Brazil,TRUE
6/22/14,South Korea,Algeria,2,4,-2,away,FIFA World Cup,Porto Alegre,Brazil,TRUE
6/22/14,United States,Portugal,2,2,0,draw,FIFA World Cup,Manaus,Brazil,TRUE
6/23/14,Australia,Spain,0,3,-3,away,FIFA World Cup,Curitiba,Brazil,TRUE
6/23/14,Brazil,Cameroon,4,1,3,home,FIFA World Cup,Brasília,Brazil,FALSE
6/23/14,Croatia,Mexico,1,3,-2,away,FIFA World Cup,Recife,Brazil,TRUE
6/23/14,Netherlands,Chile,2,0,2,home,FIFA World Cup,São Paulo,Brazil,TRUE
6/24/14,Costa Rica,England,0,0,0,draw,FIFA World Cup,Belo Horizonte,Brazil,TRUE
6/24/14,Greece,Ivory Coast,2,1,1,home,FIFA World Cup,Fortaleza,Brazil,TRUE
6/24/14,Italy,Uruguay,0,1,-1,away,FIFA World Cup,Natal,Brazil,TRUE
6/24/14,Japan,Colombia,1,4,-3,away,FIFA World Cup,Cuiabá,Brazil,TRUE
6/25/14,Bosnia and Herzegovina,Iran,3,1,2,home,FIFA World Cup,Salvador,Brazil,TRUE
6/25/14,Ecuador,France,0,0,0,draw,FIFA World Cup,Rio de Janeiro,Brazil,TRUE
6/25/14,Honduras,Switzerland,0,3,-3,away,FIFA World Cup,Manaus,Brazil,TRUE
6/25/14,Nigeria,Argentina,2,3,-1,away,FIFA World Cup,Porto Alegre,Brazil,TRUE
6/26/14,Algeria,Russia,1,1,0,draw,FIFA World Cup,Curitiba,Brazil,TRUE
6/26/14,South Korea,Belgium,0,1,-1,away,FIFA World Cup,São Paulo,Brazil,TRUE
6/26/14,Portugal,Ghana,2,1,1,home,FIFA World Cup,Brasília,Brazil,TRUE
6/26/14,United States,Germany,0,1,-1,away,FIFA World Cup,Recife,Brazil,TRUE
6/28/14,Brazil,Chile,1,1,0,draw,FIFA World Cup,Belo Horizonte,Brazil,FALSE
6/28/14,Colombia,Uruguay,2,0,2,home,FIFA World Cup,Rio de Janeiro,Brazil,TRUE
6/29/14,Costa Rica,Greece,1,1,0,draw,FIFA World Cup,Recife,Brazil,TRUE
6/29/14,Netherlands,Mexico,2,1,1,home,FIFA World Cup,Fortaleza,Brazil,TRUE
6/30/14,France,Nigeria,2,0,2,home,FIFA World Cup,Brasília,Brazil,TRUE
6/30/14,Germany,Algeria,2,1,1,home,FIFA World Cup,Porto Alegre,Brazil,TRUE
7/1/14,Argentina,Switzerland,1,0,1,home,FIFA World Cup,São Paulo,Brazil,TRUE
7/1/14,Belgium,United States,2,1,1,home,FIFA World Cup,Salvador,Brazil,TRUE
7/4/14,Brazil,Colombia,2,1,1,home,FIFA World Cup,Fortaleza,Brazil,FALSE
7/4/14,France,Germany,0,1,-1,away,FIFA World Cup,Rio de Janeiro,Brazil,TRUE
7/5/14,Argentina,Belgium,1,0,1,home,FIFA World Cup,Brasília,Brazil,TRUE
7/5/14,Netherlands,Costa Rica,0,0,0,draw,FIFA World Cup,Salvador,Brazil,TRUE
7/8/14,Brazil,Germany,1,7,-6,away,FIFA World Cup,Belo Horizonte,Brazil,FALSE
7/9/14,Netherlands,Argentina,0,0,0,draw,FIFA World Cup,São Paulo,Brazil,TRUE
7/12/14,Brazil,Netherlands,0,3,-3,away,FIFA World Cup,Brasília,Brazil,FALSE
7/13/14,Germany,Argentina,1,0,1,home,FIFA World Cup,Rio de Janeiro,Brazil,TRUE
6/14/18,Russia,Saudi Arabia,5,0,5,home,FIFA World Cup,Moscow,Russia,FALSE
6/15/18,Egypt,Uruguay,0,1,-1,away,FIFA World Cup,Ekaterinburg,Russia,TRUE
6/15/18,Morocco,Iran,0,1,-1,away,FIFA World Cup,Saint Petersburg,Russia,TRUE
6/15/18,Portugal,Spain,3,3,0,draw,FIFA World Cup,Sochi,Russia,TRUE
6/16/18,France,Australia,2,1,1,home,FIFA World Cup,Kazan,Russia,TRUE
6/16/18,Argentina,Iceland,1,1,0,draw,FIFA World Cup,Moscow,Russia,TRUE
6/16/18,Peru,Denmark,0,1,-1,away,FIFA World Cup,Saransk,Russia,TRUE
6/16/18,Croatia,Nigeria,2,0,2,home,FIFA World Cup,Kaliningrad,Russia,TRUE
6/17/18,Costa Rica,Serbia,0,1,-1,away,FIFA World Cup,Samara,Russia,TRUE
6/17/18,Germany,Mexico,0,1,-1,away,FIFA World Cup,Moscow,Russia,TRUE
6/17/18,Brazil,Switzerland,1,1,0,draw,FIFA World Cup,Rostov-on-Don,Russia,TRUE
6/18/18,Sweden,South Korea,1,0,1,home,FIFA World Cup,Nizhny Novgorod,Russia,TRUE
6/18/18,Belgium,Panama,3,0,3,home,FIFA World Cup,Sochi,Russia,TRUE
6/18/18,Tunisia,England,1,2,-1,away,FIFA World Cup,Volgograd,Russia,TRUE
6/19/18,Colombia,Japan,1,2,-1,away,FIFA World Cup,Saransk,Russia,TRUE
6/19/18,Poland,Senegal,1,2,-1,away,FIFA World Cup,Moscow,Russia,TRUE
6/19/18,Russia,Egypt,3,1,2,home,FIFA World Cup,Saint Petersburg,Russia,FALSE
6/20/18,Portugal,Morocco,1,0,1,home,FIFA World Cup,Moscow,Russia,TRUE
6/20/18,Uruguay,Saudi Arabia,1,0,1,home,FIFA World Cup,Rostov-on-Don,Russia,TRUE
6/20/18,Iran,Spain,0,1,-1,away,FIFA World Cup,Kazan,Russia,TRUE
6/21/18,Denmark,Australia,1,1,0,draw,FIFA World Cup,Samara,Russia,TRUE
6/21/18,France,Peru,1,0,1,home,FIFA World Cup,Ekaterinburg,Russia,TRUE
6/21/18,Argentina,Croatia,0,3,-3,away,FIFA World Cup,Nizhny Novgorod,Russia,TRUE
6/22/18,Brazil,Costa Rica,2,0,2,home,FIFA World Cup,Saint Petersburg,Russia,TRUE
6/22/18,Nigeria,Iceland,2,0,2,home,FIFA World Cup,Volgograd,Russia,TRUE
6/22/18,Serbia,Switzerland,1,2,-1,away,FIFA World Cup,Kaliningrad,Russia,TRUE
6/23/18,Belgium,Tunisia,5,2,3,home,FIFA World Cup,Moscow,Russia,TRUE
6/23/18,South Korea,Mexico,1,2,-1,away,FIFA World Cup,Rostov-on-Don,Russia,TRUE
6/23/18,Germany,Sweden,2,1,1,home,FIFA World Cup,Sochi,Russia,TRUE
6/24/18,England,Panama,6,1,5,home,FIFA World Cup,Nizhny Novgorod,Russia,TRUE
6/24/18,Japan,Senegal,2,2,0,draw,FIFA World Cup,Ekaterinburg,Russia,TRUE
6/24/18,Poland,Colombia,0,3,-3,away,FIFA World Cup,Kazan,Russia,TRUE
6/25/18,Russia,Uruguay,0,3,-3,away,FIFA World Cup,Samara,Russia,FALSE
6/25/18,Saudi Arabia,Egypt,2,1,1,home,FIFA World Cup,Volgograd,Russia,TRUE
6/25/18,Spain,Morocco,2,2,0,draw,FIFA World Cup,Kaliningrad,Russia,TRUE
6/25/18,Iran,Portugal,1,1,0,draw,FIFA World Cup,Saransk,Russia,TRUE
6/26/18,Australia,Peru,0,2,-2,away,FIFA World Cup,Sochi,Russia,TRUE
6/26/18,Denmark,France,0,0,0,draw,FIFA World Cup,Moscow,Russia,TRUE
6/26/18,Nigeria,Argentina,1,2,-1,away,FIFA World Cup,Saint Petersburg,Russia,TRUE
6/26/18,Iceland,Croatia,1,2,-1,away,FIFA World Cup,Rostov-on-Don,Russia,TRUE
6/27/18,South Korea,Germany,2,0,2,home,FIFA World Cup,Kazan,Russia,TRUE
6/27/18,Mexico,Sweden,0,3,-3,away,FIFA World Cup,Ekaterinburg,Russia,TRUE
6/27/18,Serbia,Brazil,0,2,-2,away,FIFA World Cup,Moscow,Russia,TRUE
6/27/18,Switzerland,Costa Rica,2,2,0,draw,FIFA World Cup,Nizhny Novgorod,Russia,TRUE
6/28/18,Japan,Poland,0,1,-1,away,FIFA World Cup,Volgograd,Russia,TRUE
6/28/18,Senegal,Colombia,0,1,-1,away,FIFA World Cup,Samara,Russia,TRUE
6/28/18,Panama,Tunisia,1,2,-1,away,FIFA World Cup,Saransk,Russia,TRUE
6/28/18,England,Belgium,0,1,-1,away,FIFA World Cup,Kaliningrad,Russia,TRUE
6/30/18,France,Argentina,4,3,1,home,FIFA World Cup,Kazan,Russia,TRUE
6/30/18,Uruguay,Portugal,2,1,1,home,FIFA World Cup,Sochi,Russia,TRUE
7/1/18,Russia,Spain,1,1,0,draw,FIFA World Cup,Moscow,Russia,FALSE
7/1/18,Croatia,Denmark,1,1,0,draw,FIFA World Cup,Nizhny Novgorod,Russia,TRUE
7/2/18,Brazil,Mexico,2,0,2,home,FIFA World Cup,Samara,Russia,TRUE
7/2/18,Belgium,Japan,3,2,1,home,FIFA World Cup,Rostov-on-Don,Russia,TRUE
7/3/18,Sweden,Switzerland,1,0,1,home,FIFA World Cup,Saint Petersburg,Russia,TRUE
7/3/18,Colombia,England,1,1,0,draw,FIFA World Cup,Moscow,Russia,TRUE
7/6/18,Uruguay,France,0,2,-2,away,FIFA World Cup,Nizhny Novgorod,Russia,TRUE
7/6/18,Brazil,Belgium,1,2,-1,away,FIFA World Cup,Kazan,Russia,TRUE
7/7/18,Sweden,England,0,2,-2,away,FIFA World Cup,Samara,Russia,TRUE
7/7/18,Russia,Croatia,2,2,0,draw,FIFA World Cup,Sochi,Russia,FALSE
7/10/18,France,Belgium,1,0,1,home,FIFA World Cup,Saint Petersburg,Russia,TRUE
7/11/18,Croatia,England,2,1,1,home,FIFA World Cup,Moscow,Russia,TRUE
7/14/18,Belgium,England,2,0,2,home,FIFA World Cup,Saint Petersburg,Russia,TRUE
7/15/18,France,Croatia,4,2,2,home,FIFA World Cup,Moscow,Russia,TRUE
11/20/22,Qatar,Ecuador,0,2,-2,away,FIFA World Cup,Al Khor,Qatar,FALSE
11/21/22,Senegal,Netherlands,0,2,-2,away,FIFA World Cup,Doha,Qatar,TRUE
11/21/22,England,Iran,6,2,4,home,FIFA World Cup,Al Rayyan,Qatar,TRUE
11/21/22,United States,Wales,1,1,0,draw,FIFA World Cup,Al Rayyan,Qatar,TRUE
11/22/22,Argentina,Saudi Arabia,1,2,-1,away,FIFA World Cup,Lusail,Qatar,TRUE
11/22/22,Mexico,Poland,0,0,0,draw,FIFA World Cup,Doha,Qatar,TRUE
11/22/22,Denmark,Tunisia,0,0,0,draw,FIFA World Cup,Al Rayyan,Qatar,TRUE
11/22/22,France,Australia,4,1,3,home,FIFA World Cup,Al Wakrah,Qatar,TRUE
11/23/22,Germany,Japan,1,2,-1,away,FIFA World Cup,Al Rayyan,Qatar,TRUE
11/23/22,Spain,Costa Rica,7,0,7,home,FIFA World Cup,Doha,Qatar,TRUE
11/23/22,Morocco,Croatia,0,0,0,draw,FIFA World Cup,Al Khor,Qatar,TRUE
11/23/22,Belgium,Canada,1,0,1,home,FIFA World Cup,Al Rayyan,Qatar,TRUE
11/24/22,Switzerland,Cameroon,1,0,1,home,FIFA World Cup,Al Wakrah,Qatar,TRUE
11/24/22,Brazil,Serbia,2,0,2,home,FIFA World Cup,Lusail,Qatar,TRUE
11/24/22,Uruguay,South Korea,0,0,0,draw,FIFA World Cup,Al Rayyan,Qatar,TRUE
11/24/22,Portugal,Ghana,3,2,1,home,FIFA World Cup,Doha,Qatar,TRUE
11/25/22,Qatar,Senegal,1,3,-2,away,FIFA World Cup,Doha,Qatar,FALSE
11/25/22,Netherlands,Ecuador,1,1,0,draw,FIFA World Cup,Al Rayyan,Qatar,TRUE
11/25/22,Wales,Iran,0,2,-2,away,FIFA World Cup,Al Rayyan,Qatar,TRUE
11/25/22,England,United States,0,0,0,draw,FIFA World Cup,Al Khor,Qatar,TRUE
11/26/22,Poland,Saudi Arabia,2,0,2,home,FIFA World Cup,Al Rayyan,Qatar,TRUE
11/26/22,Argentina,Mexico,2,0,2,home,FIFA World Cup,Lusail,Qatar,TRUE
11/26/22,Tunisia,Australia,0,1,-1,away,FIFA World Cup,Al Wakrah,Qatar,TRUE
11/26/22,France,Denmark,2,1,1,home,FIFA World Cup,Doha,Qatar,TRUE
11/27/22,Japan,Costa Rica,0,1,-1,away,FIFA World Cup,Al Rayyan,Qatar,TRUE
11/27/22,Spain,Germany,1,1,0,draw,FIFA World Cup,Al Khor,Qatar,TRUE
11/27/22,Belgium,Morocco,0,2,-2,away,FIFA World Cup,Doha,Qatar,TRUE
11/27/22,Croatia,Canada,4,1,3,home,FIFA World Cup,Al Rayyan,Qatar,TRUE
11/28/22,Cameroon,Serbia,3,3,0,draw,FIFA World Cup,Al Wakrah,Qatar,TRUE
11/28/22,Brazil,Switzerland,1,0,1,home,FIFA World Cup,Doha,Qatar,TRUE
11/28/22,South Korea,Ghana,2,3,-1,away,FIFA World Cup,Al Rayyan,Qatar,TRUE
11/28/22,Portugal,Uruguay,2,0,2,home,FIFA World Cup,Lusail,Qatar,TRUE
11/29/22,Ecuador,Senegal,1,2,-1,away,FIFA World Cup,Al Rayyan,Qatar,TRUE
11/29/22,Qatar,Netherlands,0,2,-2,away,FIFA World Cup,Al Khor,Qatar,FALSE
11/29/22,Wales,England,0,3,-3,away,FIFA World Cup,Al Rayyan,Qatar,TRUE
11/29/22,Iran,United States,0,1,-1,away,FIFA World Cup,Doha,Qatar,TRUE
11/30/22,Poland,Argentina,0,2,-2,away,FIFA World Cup,Doha,Qatar,TRUE
11/30/22,Saudi Arabia,Mexico,1,2,-1,away,FIFA World Cup,Lusail,Qatar,TRUE
11/30/22,Australia,Denmark,1,0,1,home,FIFA World Cup,Al Wakrah,Qatar,TRUE
11/30/22,Tunisia,France,1,0,1,home,FIFA World Cup,Al Rayyan,Qatar,TRUE
12/1/22,Japan,Spain,2,1,1,home,FIFA World Cup,Al Rayyan,Qatar,TRUE
12/1/22,Costa Rica,Germany,2,4,-2,away,FIFA World Cup,Al Khor,Qatar,TRUE
12/1/22,Croatia,Belgium,0,0,0,draw,FIFA World Cup,Al Rayyan,Qatar,TRUE
12/1/22,Canada,Morocco,1,2,-1,away,FIFA World Cup,Doha,Qatar,TRUE
12/2/22,Serbia,Switzerland,2,3,-1,away,FIFA World Cup,Doha,Qatar,TRUE
12/2/22,Cameroon,Brazil,1,0,1,home,FIFA World Cup,Lusail,Qatar,TRUE
12/2/22,Ghana,Uruguay,0,2,-2,away,FIFA World Cup,Al Wakrah,Qatar,TRUE
12/2/22,South Korea,Portugal,2,1,1,home,FIFA World Cup,Al Rayyan,Qatar,TRUE
12/3/22,Netherlands,United States,3,1,2,home,FIFA World Cup,Al Rayyan,Qatar,TRUE
12/3/22,Argentina,Australia,2,1,1,home,FIFA World Cup,Al Rayyan,Qatar,TRUE
12/4/22,France,Poland,3,1,2,home,FIFA World Cup,Doha,Qatar,TRUE
12/4/22,England,Senegal,3,0,3,home,FIFA World Cup,Al Khor,Qatar,TRUE
12/5/22,Japan,Croatia,1,1,0,draw,FIFA World Cup,Al Wakrah,Qatar,TRUE
12/5/22,Brazil,South Korea,4,1,3,home,FIFA World Cup,Doha,Qatar,TRUE
12/6/22,Morocco,Spain,0,0,0,draw,FIFA World Cup,Al Rayyan,Qatar,TRUE
12/6/22,Portugal,Switzerland,6,1,5,home,FIFA World Cup,Lusail,Qatar,TRUE
12/9/22,Croatia,Brazil,1,1,0,draw,FIFA World Cup,Al Rayyan,Qatar,TRUE
12/9/22,Netherlands,Argentina,2,2,0,draw,FIFA World Cup,Lusail,Qatar,TRUE
12/10/22,Morocco,Portugal,1,0,1,home,FIFA World Cup,Doha,Qatar,TRUE
12/10/22,England,France,1,2,-1,away,FIFA World Cup,Al Khor,Qatar,TRUE
12/13/22,Argentina,Croatia,3,0,3,home,FIFA World Cup,Lusail,Qatar,TRUE
12/14/22,France,Morocco,2,0,2,home,FIFA World Cup,Al Khor,Qatar,TRUE
12/17/22,Croatia,Morocco,2,1,1,home,FIFA World Cup,Al Rayyan,Qatar,TRUE
12/18/22,Argentina,France,3,3,0,draw,FIFA World Cup,Lusail,Qatar,TRUE